Date,Timestamp,Event,NarrativeEvent,InputBlockNo,InputNo,TrialNumber,FeedbackType,BlockResult,WinCount,LossCount,Lane,Column,FishType,KeyCode,SequenceTime_ms,TimeSinceLastKey_ms,KeyOrder,KeyType,ExpectedKey1,ExpectedKey2,SequenceNumber,SequenceComposition,SequenceSpeed,SequenceValidity,SequenceType,SequenceWindowClosure,TargetFabInputRate,TargetRecognitionRate,StartPolicyReview,Trials,InterTrialIntervalSeconds,InputWindowSeconds,GameState,GamePolicy,CurrentRecognitionRate,FabAlarmFixationPoint,FabAlarmVariability,CurrentFabRate,CurrentFabAlarm,InputConfidence,InputValidity,InputType,InputNumber,vv,ww,xx,yy,zz
2020-05-11,11:37:21.8845,[gameevent],HookMoved,NA,NA,NA,NA,NA,NA,NA,1,3,NA,NA,NA,NA,NA,NA,NA,NA,NA,NA,NA,NA,NA,NA,0,1,0,4,1000,2,1,Running,NA,NA,1,0,25,NA,NA,NA,NA,NA,NA
2020-05-11,11:37:21.8613,KeyDown,NA,NA,NA,NA,NA,NA,NA,NA,1,3,NA,DownArrow,0,0,NA,WrongKey,H,K,0,Mistyped,Fast,Accepted,HKJL,ClosedByDeadzone,0,1,0,4,1000,2,1,Running,NA,NA,1,0,25,NA,NA,0,Rejected,KeySequence,0
2020-05-11,11:37:22.5868,KeySequenceStopped,NA,NA,NA,NA,NA,NA,NA,NA,1,3,NA,NA,0.7500491,0.7500491,NA,NA,NA,NA,0,Mistyped,Fast,Accepted,HKJL,ClosedByDeadzone,0,1,0,4,1000,2,1,Running,NA,NA,1,0,25,NA,NA,0,Rejected,KeySequence,0
2020-05-11,11:37:25.0634,[gameevent],HookMoved,NA,NA,NA,NA,NA,NA,NA,2,3,NA,NA,NA,NA,NA,NA,NA,NA,NA,NA,NA,NA,NA,NA,0,1,0,4,1000,2,1,Running,NA,NA,1,0,25,NA,NA,0,Rejected,KeySequence,0
2020-05-11,11:37:25.0615,KeyDown,NA,NA,NA,NA,NA,NA,NA,NA,2,3,NA,DownArrow,0,0,NA,WrongKey,H,K,1,Mistyped,Fast,Accepted,HKJL,ClosedByDeadzone,0,1,0,4,1000,2,1,Running,NA,NA,1,0,25,NA,NA,0,Rejected,KeySequence,1
2020-05-11,11:37:25.8169,KeySequenceStopped,NA,NA,NA,NA,NA,NA,NA,NA,2,3,NA,NA,0.767472,0.767472,NA,NA,NA,NA,1,Mistyped,Fast,Accepted,HKJL,ClosedByDeadzone,0,1,0,4,1000,2,1,Running,NA,NA,1,0,25,NA,NA,0,Rejected,KeySequence,1
2020-05-11,11:37:28.8613,[gameevent],FishHooked,1,1,1,NA,NA,NA,NA,2,3,NA,NA,NA,NA,NA,NA,NA,NA,NA,NA,NA,NA,NA,NA,0,1,0,4,1000,2,1,Running,NA,NA,1,0,25,NA,NA,0,Rejected,KeySequence,1
2020-05-11,11:37:30.8591,InputWindowOpen,NA,1,1,1,NA,NA,NA,NA,2,3,NA,NA,NA,NA,NA,NA,NA,NA,NA,NA,NA,NA,NA,NA,0,1,0,4,1000,2,1,Running,NA,NA,1,0,25,NA,NA,0,Rejected,KeySequence,1
2020-05-11,11:37:30.8607,[gameevent],NextTrialStarted,1,1,1,NA,NA,NA,NA,2,3,NA,NA,NA,NA,NA,NA,NA,NA,NA,NA,NA,NA,NA,NA,0,1,0,4,1000,2,1,Running,NA,NA,1,0,25,NA,NA,0,Rejected,KeySequence,1
2020-05-11,11:37:30.5003,KeyDown,NA,1,1,1,NA,NA,NA,NA,2,3,NA,H,0,0,0,CorrectKey,H,K,2,Correct,Fast,Accepted,HKJL,ClosedByInputThreshold,0,1,0,4,1000,2,1,Running,NA,NA,1,0,25,NA,NA,1,Accepted,KeySequence,2
2020-05-11,11:37:30.9484,KeyDown,NA,1,1,1,NA,NA,NA,NA,2,3,NA,H,0.4396419,0.4396419,1,CorrectKey,H,K,2,Correct,Fast,Accepted,HKJL,ClosedByInputThreshold,0,1,0,4,1000,2,1,Running,NA,NA,1,0,25,NA,NA,1,Accepted,KeySequence,2
2020-05-11,11:37:31.1989,KeyDown,NA,1,1,1,NA,NA,NA,NA,2,3,NA,K,0.6901241,0.2504821,NA,WrongKey,J,None,2,Correct,Fast,Accepted,HKJL,ClosedByInputThreshold,0,1,0,4,1000,2,1,Running,NA,NA,1,0,25,NA,NA,1,Accepted,KeySequence,2
2020-05-11,11:37:31.2983,KeyDown,NA,1,1,1,NA,NA,NA,NA,2,3,NA,J,0.7893155,0.0991914,NA,WrongKey,L,None,2,Correct,Fast,Accepted,HKJL,ClosedByInputThreshold,0,1,0,4,1000,2,1,Running,NA,NA,1,0,25,NA,NA,1,Accepted,KeySequence,2
2020-05-11,11:37:31.3003,KeySequenceStopped,NA,1,1,1,NA,NA,NA,NA,2,3,NA,NA,0.8060133,0.0166978,NA,NA,NA,NA,2,Correct,Fast,Accepted,HKJL,ClosedByInputThreshold,0,1,0,4,1000,2,1,Running,NA,NA,1,0,25,NA,NA,1,Accepted,KeySequence,2
2020-05-11,11:37:31.3033,[gameevent],InputAccepted,1,1,1,NA,NA,NA,NA,2,3,NA,NA,NA,NA,NA,NA,NA,NA,NA,NA,NA,NA,NA,NA,0,1,0,4,1000,2,1,Running,NA,NA,1,0,25,NA,NA,1,Accepted,KeySequence,2
2020-05-11,11:37:31.8600,InputWindowClosed,NA,1,1,1,NA,NA,NA,NA,2,3,NA,NA,NA,NA,NA,NA,NA,NA,NA,NA,NA,NA,NA,NA,0,1,0,4,1000,2,1,Running,NA,NA,1,0,25,NA,NA,1,Accepted,KeySequence,2
2020-05-11,11:37:31.8655,[gameevent],Feedback,1,1,1,Failure,NA,NA,NA,2,4,NA,NA,NA,NA,NA,NA,NA,NA,NA,NA,NA,NA,NA,NA,0,1,0,4,1000,2,1,Running,NA,NA,1,0,25,NA,NA,1,Accepted,KeySequence,2
2020-05-11,11:37:31.8716,DecisionRejectAllInput,NA,1,1,1,NA,NA,NA,NA,2,4,NA,NA,NA,NA,NA,NA,NA,NA,NA,NA,NA,NA,NA,NA,0,1,0,4,1000,2,1,Running,NA,0,1,0,25,0,0,9202038,1,Accepted,KeySequence,2
2020-05-11,11:37:31.5165,KeyDown,NA,1,1,1,NA,NA,NA,NA,2,4,NA,L,0,0,NA,WrongKey,H,K,3,Mistyped,Fast,Accepted,HKJL,ClosedByDeadzone,0,1,0,4,1000,2,1,Running,NA,0,1,0,25,0,0,9202038,0,Rejected,KeySequence,3
2020-05-11,11:37:32.2490,KeySequenceStopped,NA,1,1,1,NA,NA,NA,NA,2,4,NA,NA,0.7510899,0.7510899,NA,NA,NA,NA,3,Mistyped,Fast,Accepted,HKJL,ClosedByDeadzone,0,1,0,4,1000,2,1,Running,NA,0,1,0,25,0,0,9202038,0,Rejected,KeySequence,3
2020-05-11,11:37:32.4253,KeyDown,NA,1,1,1,NA,NA,NA,NA,2,4,NA,H,0,0,0,CorrectKey,H,K,4,Correct,Fast,Accepted,HKJL,ClosedByInputThreshold,0,1,0,4,1000,2,1,Running,NA,0,1,0,25,0,0,9202038,1,Accepted,KeySequence,4
2020-05-11,11:37:32.5908,KeyDown,NA,1,1,1,NA,NA,NA,NA,2,4,NA,K,0.1738887,0.1738887,1,CorrectKey,H,K,4,Correct,Fast,Accepted,HKJL,ClosedByInputThreshold,0,1,0,4,1000,2,1,Running,NA,0,1,0,25,0,0,9202038,1,Accepted,KeySequence,4
2020-05-11,11:37:32.7900,KeyDown,NA,1,1,1,NA,NA,NA,NA,2,4,NA,J,0.365452,0.1915633,2,CorrectKey,J,None,4,Correct,Fast,Accepted,HKJL,ClosedByInputThreshold,0,1,0,4,1000,2,1,Running,NA,0,1,0,25,0,0,9202038,1,Accepted,KeySequence,4
2020-05-11,11:37:32.9736,KeyDown,NA,1,1,1,NA,NA,NA,NA,2,4,NA,L,0.5585491,0.1930971,3,CorrectKey,L,None,4,Correct,Fast,Accepted,HKJL,ClosedByInputThreshold,0,1,0,4,1000,2,1,Running,NA,0,1,0,25,0,0,9202038,1,Accepted,KeySequence,4
2020-05-11,11:37:32.9746,KeySequenceStopped,NA,1,1,1,NA,NA,NA,NA,2,4,NA,NA,0.5666086,0.0080595,NA,NA,NA,NA,4,Correct,Fast,Accepted,HKJL,ClosedByInputThreshold,0,1,0,4,1000,2,1,Running,NA,0,1,0,25,0,0,9202038,1,Accepted,KeySequence,4
2020-05-11,11:37:34.6316,InputWindowOpen,NA,1,1,1,NA,NA,NA,NA,2,4,NA,NA,NA,NA,NA,NA,NA,NA,NA,NA,NA,NA,NA,NA,0,1,0,4,1000,2,1,Running,NA,0,1,0,25,0,0,9202038,1,Accepted,KeySequence,4
2020-05-11,11:37:34.6316,[gameevent],NextTrialStarted,1,2,2,NA,NA,NA,NA,2,4,NA,NA,NA,NA,NA,NA,NA,NA,NA,NA,NA,NA,NA,NA,0,1,0,4,1000,2,1,Running,NA,0,1,0,25,0,0,9202038,1,Accepted,KeySequence,4
2020-05-11,11:37:34.7479,KeyDown,NA,1,2,2,NA,NA,NA,NA,2,4,NA,H,0,0,0,CorrectKey,H,K,5,Correct,Fast,Accepted,HKJL,ClosedByInputThreshold,0,1,0,4,1000,2,1,Running,NA,0,1,0,25,0,0,9202038,1,Accepted,KeySequence,5
2020-05-11,11:37:34.8892,KeyDown,NA,1,2,2,NA,NA,NA,NA,2,4,NA,K,0.1416897,0.1416897,1,CorrectKey,H,K,5,Correct,Fast,Accepted,HKJL,ClosedByInputThreshold,0,1,0,4,1000,2,1,Running,NA,0,1,0,25,0,0,9202038,1,Accepted,KeySequence,5
2020-05-11,11:37:35.0388,KeyDown,NA,1,2,2,NA,NA,NA,NA,2,4,NA,J,0.291498,0.1498083,2,CorrectKey,J,None,5,Correct,Fast,Accepted,HKJL,ClosedByInputThreshold,0,1,0,4,1000,2,1,Running,NA,0,1,0,25,0,0,9202038,1,Accepted,KeySequence,5
2020-05-11,11:37:35.2788,KeyDown,NA,1,2,2,NA,NA,NA,NA,2,4,NA,L,0.5341843,0.2426863,3,CorrectKey,L,None,5,Correct,Fast,Accepted,HKJL,ClosedByInputThreshold,0,1,0,4,1000,2,1,Running,NA,0,1,0,25,0,0,9202038,1,Accepted,KeySequence,5
2020-05-11,11:37:35.2788,KeySequenceStopped,NA,1,2,2,NA,NA,NA,NA,2,4,NA,NA,0.5473392,0.0131549,NA,NA,NA,NA,5,Correct,Fast,Accepted,HKJL,ClosedByInputThreshold,0,1,0,4,1000,2,1,Running,NA,0,1,0,25,0,0,9202038,1,Accepted,KeySequence,5
2020-05-11,11:37:35.2809,[gameevent],InputAccepted,1,2,2,NA,NA,NA,NA,2,4,NA,NA,NA,NA,NA,NA,NA,NA,NA,NA,NA,NA,NA,NA,0,1,0,4,1000,2,1,Running,NA,0,1,0,25,0,0,9202038,1,Accepted,KeySequence,5
2020-05-11,11:37:35.2814,InputWindowClosed,NA,1,2,2,NA,NA,NA,NA,2,4,NA,NA,NA,NA,NA,NA,NA,NA,NA,NA,NA,NA,NA,NA,0,1,0,4,1000,2,1,Running,NA,0,1,0,25,0,0,9202038,1,Accepted,KeySequence,5
2020-05-11,11:37:35.2815,DecisionAcceptAllInput,NA,1,2,2,NA,NA,NA,NA,2,4,NA,NA,NA,NA,NA,NA,NA,NA,NA,NA,NA,NA,NA,NA,0,1,0,4,1000,2,1,Running,NA,0,5,1,0,25,0,5,0,7573605,1,Accepted,KeySequence,5
2020-05-11,11:37:35.2825,[gameevent],Feedback,1,2,2,Success,NA,NA,NA,1,4,NA,NA,NA,NA,NA,NA,NA,NA,NA,NA,NA,NA,NA,NA,0,1,0,4,1000,2,1,Running,NA,0,5,1,0,25,0,5,0,7573605,1,Accepted,KeySequence,5
2020-05-11,11:37:38.0589,InputWindowOpen,NA,1,2,2,NA,NA,NA,NA,1,4,NA,NA,NA,NA,NA,NA,NA,NA,NA,NA,NA,NA,NA,NA,0,1,0,4,1000,2,1,Running,NA,0,5,1,0,25,0,5,0,7573605,1,Accepted,KeySequence,5
2020-05-11,11:37:38.0589,[gameevent],NextTrialStarted,1,3,3,NA,NA,NA,NA,1,4,NA,NA,NA,NA,NA,NA,NA,NA,NA,NA,NA,NA,NA,NA,0,1,0,4,1000,2,1,Running,NA,0,5,1,0,25,0,5,0,7573605,1,Accepted,KeySequence,5
2020-05-11,11:37:37.9345,KeyDown,NA,1,3,3,NA,NA,NA,NA,1,4,NA,H,0,0,0,CorrectKey,H,K,6,Correct,Fast,Accepted,HKJL,ClosedByInputThreshold,0,1,0,4,1000,2,1,Running,NA,0,5,1,0,25,0,5,0,7573605,1,Accepted,KeySequence,6
2020-05-11,11:37:38.2069,KeyDown,NA,1,3,3,NA,NA,NA,NA,1,4,NA,K,0.2705964,0.2705964,1,CorrectKey,H,K,6,Correct,Fast,Accepted,HKJL,ClosedByInputThreshold,0,1,0,4,1000,2,1,Running,NA,0,5,1,0,25,0,5,0,7573605,1,Accepted,KeySequence,6
2020-05-11,11:37:38.4226,KeyDown,NA,1,3,3,NA,NA,NA,NA,1,4,NA,J,0.4881105,0.2175142,2,CorrectKey,J,None,6,Correct,Fast,Accepted,HKJL,ClosedByInputThreshold,0,1,0,4,1000,2,1,Running,NA,0,5,1,0,25,0,5,0,7573605,1,Accepted,KeySequence,6
2020-05-11,11:37:38.6153,KeyDown,NA,1,3,3,NA,NA,NA,NA,1,4,NA,L,0.6801401,0.1920294,3,CorrectKey,L,None,6,Correct,Fast,Accepted,HKJL,ClosedByInputThreshold,0,1,0,4,1000,2,1,Running,NA,0,5,1,0,25,0,5,0,7573605,1,Accepted,KeySequence,6
2020-05-11,11:37:38.6162,KeySequenceStopped,NA,1,3,3,NA,NA,NA,NA,1,4,NA,NA,0.6883348,0.0081946,NA,NA,NA,NA,6,Correct,Fast,Accepted,HKJL,ClosedByInputThreshold,0,1,0,4,1000,2,1,Running,NA,0,5,1,0,25,0,5,0,7573605,1,Accepted,KeySequence,6
2020-05-11,11:37:38.6162,[gameevent],InputAccepted,1,3,3,NA,NA,NA,NA,1,4,NA,NA,NA,NA,NA,NA,NA,NA,NA,NA,NA,NA,NA,NA,0,1,0,4,1000,2,1,Running,NA,0,5,1,0,25,0,5,0,7573605,1,Accepted,KeySequence,6
2020-05-11,11:37:39.0643,InputWindowClosed,NA,1,3,3,NA,NA,NA,NA,1,4,NA,NA,NA,NA,NA,NA,NA,NA,NA,NA,NA,NA,NA,NA,0,1,0,4,1000,2,1,Running,NA,0,5,1,0,25,0,5,0,7573605,1,Accepted,KeySequence,6
2020-05-11,11:37:39.0653,[gameevent],Feedback,1,3,3,Failure,NA,NA,NA,1,5,NA,NA,NA,NA,NA,NA,NA,NA,NA,NA,NA,NA,NA,NA,0,1,0,4,1000,2,1,Running,NA,0,5,1,0,25,0,5,0,7573605,1,Accepted,KeySequence,6
2020-05-11,11:37:39.0653,DecisionRejectAllInput,NA,1,3,3,NA,NA,NA,NA,1,5,NA,NA,NA,NA,NA,NA,NA,NA,NA,NA,NA,NA,NA,NA,0,1,0,4,1000,2,1,Running,NA,0,3333333,1,0,25,0,3333333,0,8863306,1,Accepted,KeySequence,6
2020-05-11,11:37:41.8476,InputWindowOpen,NA,1,3,3,NA,NA,NA,NA,1,5,NA,NA,NA,NA,NA,NA,NA,NA,NA,NA,NA,NA,NA,NA,0,1,0,4,1000,2,1,Running,NA,0,3333333,1,0,25,0,3333333,0,8863306,1,Accepted,KeySequence,6
2020-05-11,11:37:41.8476,[gameevent],NextTrialStarted,1,4,4,NA,NA,NA,NA,1,5,NA,NA,NA,NA,NA,NA,NA,NA,NA,NA,NA,NA,NA,NA,0,1,0,4,1000,2,1,Running,NA,0,3333333,1,0,25,0,3333333,0,8863306,1,Accepted,KeySequence,6
2020-05-11,11:37:41.9637,KeyDown,NA,1,4,4,NA,NA,NA,NA,1,5,NA,H,0,0,0,CorrectKey,H,K,7,Correct,Fast,Accepted,HKJL,ClosedByInputThreshold,0,1,0,4,1000,2,1,Running,NA,0,3333333,1,0,25,0,3333333,0,8863306,1,Accepted,KeySequence,7
2020-05-11,11:37:42.1163,KeyDown,NA,1,4,4,NA,NA,NA,NA,1,5,NA,K,0.150252,0.150252,1,CorrectKey,H,K,7,Correct,Fast,Accepted,HKJL,ClosedByInputThreshold,0,1,0,4,1000,2,1,Running,NA,0,3333333,1,0,25,0,3333333,0,8863306,1,Accepted,KeySequence,7
2020-05-11,11:37:42.3586,KeyDown,NA,1,4,4,NA,NA,NA,NA,1,5,NA,J,0.3845521,0.2343001,2,CorrectKey,J,None,7,Correct,Fast,Accepted,HKJL,ClosedByInputThreshold,0,1,0,4,1000,2,1,Running,NA,0,3333333,1,0,25,0,3333333,0,8863306,1,Accepted,KeySequence,7
2020-05-11,11:37:42.5310,KeyDown,NA,1,4,4,NA,NA,NA,NA,1,5,NA,L,0.5677782,0.1832262,3,CorrectKey,L,None,7,Correct,Fast,Accepted,HKJL,ClosedByInputThreshold,0,1,0,4,1000,2,1,Running,NA,0,3333333,1,0,25,0,3333333,0,8863306,1,Accepted,KeySequence,7
2020-05-11,11:37:42.5330,KeySequenceStopped,NA,1,4,4,NA,NA,NA,NA,1,5,NA,NA,0.5746045,0.0068262,NA,NA,NA,NA,7,Correct,Fast,Accepted,HKJL,ClosedByInputThreshold,0,1,0,4,1000,2,1,Running,NA,0,3333333,1,0,25,0,3333333,0,8863306,1,Accepted,KeySequence,7
2020-05-11,11:37:42.5340,[gameevent],InputAccepted,1,4,4,NA,NA,NA,NA,1,5,NA,NA,NA,NA,NA,NA,NA,NA,NA,NA,NA,NA,NA,NA,0,1,0,4,1000,2,1,Running,NA,0,3333333,1,0,25,0,3333333,0,8863306,1,Accepted,KeySequence,7
2020-05-11,11:37:42.8555,InputWindowClosed,NA,1,4,4,NA,NA,NA,NA,1,5,NA,NA,NA,NA,NA,NA,NA,NA,NA,NA,NA,NA,NA,NA,0,1,0,4,1000,2,1,Running,NA,0,3333333,1,0,25,0,3333333,0,8863306,1,Accepted,KeySequence,7
2020-05-11,11:37:42.8565,[gameevent],Feedback,1,4,4,Failure,NA,NA,NA,1,6,NA,NA,NA,NA,NA,NA,NA,NA,NA,NA,NA,NA,NA,NA,0,1,0,4,1000,2,1,Running,NA,0,3333333,1,0,25,0,3333333,0,8863306,1,Accepted,KeySequence,7
2020-05-11,11:37:42.8565,DecisionRejectAllInput,NA,1,4,4,NA,NA,NA,NA,1,6,NA,NA,NA,NA,NA,NA,NA,NA,NA,NA,NA,NA,NA,NA,0,1,0,4,1000,2,1,Running,NA,0,25,1,0,25,0,25,1,152787,1,Accepted,KeySequence,7
2020-05-11,11:37:43.6280,[gameevent],BlockEnded,1,4,4,NA,Loss,0,1,NA,NA,NA,NA,NA,NA,NA,NA,NA,NA,NA,NA,NA,NA,NA,NA,0,1,0,4,1000,2,1,Running,NA,0,25,1,0,25,0,25,1,152787,1,Accepted,KeySequence,7
2020-05-11,11:37:47.1399,[gameevent],HookMoved,NA,NA,NA,NA,NA,NA,NA,1,3,NA,NA,NA,NA,NA,NA,NA,NA,NA,NA,NA,NA,NA,NA,0,1,0,4,1000,2,1,Running,NA,0,25,1,0,25,0,25,1,152787,1,Accepted,KeySequence,7
2020-05-11,11:37:47.1399,KeyDown,NA,NA,NA,NA,NA,NA,NA,NA,1,3,NA,DownArrow,0,0,NA,WrongKey,H,K,8,Mistyped,Fast,Accepted,HKJL,ClosedByDeadzone,0,1,0,4,1000,2,1,Running,NA,0,25,1,0,25,0,25,1,152787,0,Rejected,KeySequence,8
2020-05-11,11:37:47.8953,KeySequenceStopped,NA,NA,NA,NA,NA,NA,NA,NA,1,3,NA,NA,0.7661449,0.7661449,NA,NA,NA,NA,8,Mistyped,Fast,Accepted,HKJL,ClosedByDeadzone,0,1,0,4,1000,2,1,Running,NA,0,25,1,0,25,0,25,1,152787,0,Rejected,KeySequence,8
2020-05-11,11:37:52.7200,[gameevent],FishHooked,2,5,5,NA,NA,NA,NA,1,3,NA,NA,NA,NA,NA,NA,NA,NA,NA,NA,NA,NA,NA,NA,0,1,0,4,1000,2,1,Running,NA,0,25,1,0,25,0,25,1,152787,0,Rejected,KeySequence,8
2020-05-11,11:37:53.0970,KeyDown,NA,2,5,5,NA,NA,NA,NA,1,3,NA,H,0,0,0,CorrectKey,H,K,9,Correct,Fast,Accepted,HKJL,ClosedByDeadzone,0,1,0,4,1000,2,1,Running,NA,0,25,1,0,25,0,25,1,152787,0,Rejected,KeySequence,9
2020-05-11,11:37:53.8377,KeySequenceStopped,NA,2,5,5,NA,NA,NA,NA,1,3,NA,NA,0.7508676,0.7508676,NA,NA,NA,NA,9,Correct,Fast,Accepted,HKJL,ClosedByDeadzone,0,1,0,4,1000,2,1,Running,NA,0,25,1,0,25,0,25,1,152787,0,Rejected,KeySequence,9
2020-05-11,11:37:54.7165,InputWindowOpen,NA,2,5,5,NA,NA,NA,NA,1,3,NA,NA,NA,NA,NA,NA,NA,NA,NA,NA,NA,NA,NA,NA,0,1,0,4,1000,2,1,Running,NA,0,25,1,0,25,0,25,1,152787,0,Rejected,KeySequence,9
2020-05-11,11:37:54.7165,[gameevent],NextTrialStarted,2,5,5,NA,NA,NA,NA,1,3,NA,NA,NA,NA,NA,NA,NA,NA,NA,NA,NA,NA,NA,NA,0,1,0,4,1000,2,1,Running,NA,0,25,1,0,25,0,25,1,152787,0,Rejected,KeySequence,9
2020-05-11,11:37:54.7710,KeyDown,NA,2,5,5,NA,NA,NA,NA,1,3,NA,H,0,0,0,CorrectKey,H,K,10,Correct,Fast,Accepted,HKJL,ClosedByInputThreshold,0,1,0,4,1000,2,1,Running,NA,0,25,1,0,25,0,25,1,152787,1,Accepted,KeySequence,10
2020-05-11,11:37:54.9284,KeyDown,NA,2,5,5,NA,NA,NA,NA,1,3,NA,K,0.1517962,0.1517962,1,CorrectKey,H,K,10,Correct,Fast,Accepted,HKJL,ClosedByInputThreshold,0,1,0,4,1000,2,1,Running,NA,0,25,1,0,25,0,25,1,152787,1,Accepted,KeySequence,10
2020-05-11,11:37:55.1152,KeyDown,NA,2,5,5,NA,NA,NA,NA,1,3,NA,J,0.3423151,0.1905189,2,CorrectKey,J,None,10,Correct,Fast,Accepted,HKJL,ClosedByInputThreshold,0,1,0,4,1000,2,1,Running,NA,0,25,1,0,25,0,25,1,152787,1,Accepted,KeySequence,10
2020-05-11,11:37:55.2855,KeyDown,NA,2,5,5,NA,NA,NA,NA,1,3,NA,L,0.5087432,0.1664281,3,CorrectKey,L,None,10,Correct,Fast,Accepted,HKJL,ClosedByInputThreshold,0,1,0,4,1000,2,1,Running,NA,0,25,1,0,25,0,25,1,152787,1,Accepted,KeySequence,10
2020-05-11,11:37:55.2875,KeySequenceStopped,NA,2,5,5,NA,NA,NA,NA,1,3,NA,NA,0.5247701,0.0160269,NA,NA,NA,NA,10,Correct,Fast,Accepted,HKJL,ClosedByInputThreshold,0,1,0,4,1000,2,1,Running,NA,0,25,1,0,25,0,25,1,152787,1,Accepted,KeySequence,10
2020-05-11,11:37:55.2885,[gameevent],InputAccepted,2,5,5,NA,NA,NA,NA,1,3,NA,NA,NA,NA,NA,NA,NA,NA,NA,NA,NA,NA,NA,NA,0,1,0,4,1000,2,1,Running,NA,0,25,1,0,25,0,25,1,152787,1,Accepted,KeySequence,10
2020-05-11,11:37:55.7283,InputWindowClosed,NA,2,5,5,NA,NA,NA,NA,1,3,NA,NA,NA,NA,NA,NA,NA,NA,NA,NA,NA,NA,NA,NA,0,1,0,4,1000,2,1,Running,NA,0,25,1,0,25,0,25,1,152787,1,Accepted,KeySequence,10
2020-05-11,11:37:55.7293,[gameevent],Feedback,2,5,5,Failure,NA,NA,NA,1,2,NA,NA,NA,NA,NA,NA,NA,NA,NA,NA,NA,NA,NA,NA,0,1,0,4,1000,2,1,Running,NA,0,25,1,0,25,0,25,1,152787,1,Accepted,KeySequence,10
2020-05-11,11:37:55.7293,DecisionRejectAllInput,NA,2,5,5,NA,NA,NA,NA,1,2,NA,NA,NA,NA,NA,NA,NA,NA,NA,NA,NA,NA,NA,NA,0,1,0,4,1000,2,1,Running,NA,0,2,1,0,25,0,2,0,763797,1,Accepted,KeySequence,10
2020-05-11,11:37:58.5035,InputWindowOpen,NA,2,5,5,NA,NA,NA,NA,1,2,NA,NA,NA,NA,NA,NA,NA,NA,NA,NA,NA,NA,NA,NA,0,1,0,4,1000,2,1,Running,NA,0,2,1,0,25,0,2,0,763797,1,Accepted,KeySequence,10
2020-05-11,11:37:58.5035,[gameevent],NextTrialStarted,2,6,6,NA,NA,NA,NA,1,2,NA,NA,NA,NA,NA,NA,NA,NA,NA,NA,NA,NA,NA,NA,0,1,0,4,1000,2,1,Running,NA,0,2,1,0,25,0,2,0,763797,1,Accepted,KeySequence,10
2020-05-11,11:37:58.6454,KeyDown,NA,2,6,6,NA,NA,NA,NA,1,2,NA,H,0,0,0,CorrectKey,H,K,11,Correct,Fast,Accepted,HKJL,ClosedByInputThreshold,0,1,0,4,1000,2,1,Running,NA,0,2,1,0,25,0,2,0,763797,1,Accepted,KeySequence,11
2020-05-11,11:37:58.8280,KeyDown,NA,2,6,6,NA,NA,NA,NA,1,2,NA,K,0.176599,0.176599,1,CorrectKey,H,K,11,Correct,Fast,Accepted,HKJL,ClosedByInputThreshold,0,1,0,4,1000,2,1,Running,NA,0,2,1,0,25,0,2,0,763797,1,Accepted,KeySequence,11
2020-05-11,11:37:58.9968,KeyDown,NA,2,6,6,NA,NA,NA,NA,1,2,NA,J,0.352553,0.1759541,2,CorrectKey,J,None,11,Correct,Fast,Accepted,HKJL,ClosedByInputThreshold,0,1,0,4,1000,2,1,Running,NA,0,2,1,0,25,0,2,0,763797,1,Accepted,KeySequence,11
2020-05-11,11:37:59.1558,KeyDown,NA,2,6,6,NA,NA,NA,NA,1,2,NA,L,0.5104664,0.1579133,3,CorrectKey,L,None,11,Correct,Fast,Accepted,HKJL,ClosedByInputThreshold,0,1,0,4,1000,2,1,Running,NA,0,2,1,0,25,0,2,0,763797,1,Accepted,KeySequence,11
2020-05-11,11:37:59.1558,KeySequenceStopped,NA,2,6,6,NA,NA,NA,NA,1,2,NA,NA,0.5291068,0.0186404,NA,NA,NA,NA,11,Correct,Fast,Accepted,HKJL,ClosedByInputThreshold,0,1,0,4,1000,2,1,Running,NA,0,2,1,0,25,0,2,0,763797,1,Accepted,KeySequence,11
2020-05-11,11:37:59.1568,[gameevent],InputAccepted,2,6,6,NA,NA,NA,NA,1,2,NA,NA,NA,NA,NA,NA,NA,NA,NA,NA,NA,NA,NA,NA,0,1,0,4,1000,2,1,Running,NA,0,2,1,0,25,0,2,0,763797,1,Accepted,KeySequence,11
2020-05-11,11:37:59.1568,InputWindowClosed,NA,2,6,6,NA,NA,NA,NA,1,2,NA,NA,NA,NA,NA,NA,NA,NA,NA,NA,NA,NA,NA,NA,0,1,0,4,1000,2,1,Running,NA,0,2,1,0,25,0,2,0,763797,1,Accepted,KeySequence,11
2020-05-11,11:37:59.1568,DecisionAcceptAllInput,NA,2,6,6,NA,NA,NA,NA,1,2,NA,NA,NA,NA,NA,NA,NA,NA,NA,NA,NA,NA,NA,NA,0,1,0,4,1000,2,1,Running,NA,0,3333333,1,0,25,0,3333333,0,8064896,1,Accepted,KeySequence,11
2020-05-11,11:37:59.1578,[gameevent],Feedback,2,6,6,Success,NA,NA,NA,0,3,NA,NA,NA,NA,NA,NA,NA,NA,NA,NA,NA,NA,NA,NA,0,1,0,4,1000,2,1,Running,NA,0,3333333,1,0,25,0,3333333,0,8064896,1,Accepted,KeySequence,11
2020-05-11,11:38:01.4372,[gameevent],BlockEnded,2,6,6,NA,Win,1,1,NA,NA,S - Loach,NA,NA,NA,NA,NA,NA,NA,NA,NA,NA,NA,NA,NA,0,1,0,4,1000,2,1,Running,NA,0,3333333,1,0,25,0,3333333,0,8064896,1,Accepted,KeySequence,11
2020-05-11,11:38:05.0645,[gameevent],HookMoved,NA,NA,NA,NA,NA,NA,NA,1,3,NA,NA,NA,NA,NA,NA,NA,NA,NA,NA,NA,NA,NA,NA,0,1,0,4,1000,2,1,Running,NA,0,3333333,1,0,25,0,3333333,0,8064896,1,Accepted,KeySequence,11
2020-05-11,11:38:05.0616,KeyDown,NA,NA,NA,NA,NA,NA,NA,NA,1,3,NA,DownArrow,0,0,NA,WrongKey,H,K,12,Mistyped,Fast,Accepted,HKJL,ClosedByDeadzone,0,1,0,4,1000,2,1,Running,NA,0,3333333,1,0,25,0,3333333,0,8064896,0,Rejected,KeySequence,12
2020-05-11,11:38:05.8190,KeySequenceStopped,NA,NA,NA,NA,NA,NA,NA,NA,1,3,NA,NA,0.7666876,0.7666876,NA,NA,NA,NA,12,Mistyped,Fast,Accepted,HKJL,ClosedByDeadzone,0,1,0,4,1000,2,1,Running,NA,0,3333333,1,0,25,0,3333333,0,8064896,0,Rejected,KeySequence,12
2020-05-11,11:38:07.7569,[gameevent],HookMoved,NA,NA,NA,NA,NA,NA,NA,2,3,NA,NA,NA,NA,NA,NA,NA,NA,NA,NA,NA,NA,NA,NA,0,1,0,4,1000,2,1,Running,NA,0,3333333,1,0,25,0,3333333,0,8064896,0,Rejected,KeySequence,12
2020-05-11,11:38:07.7559,KeyDown,NA,NA,NA,NA,NA,NA,NA,NA,2,3,NA,DownArrow,0,0,NA,WrongKey,H,K,13,Mistyped,Fast,Accepted,HKJL,ClosedByDeadzone,0,1,0,4,1000,2,1,Running,NA,0,3333333,1,0,25,0,3333333,0,8064896,0,Rejected,KeySequence,13
2020-05-11,11:38:08.4946,KeySequenceStopped,NA,NA,NA,NA,NA,NA,NA,NA,2,3,NA,NA,0.7515471,0.7515471,NA,NA,NA,NA,13,Mistyped,Fast,Accepted,HKJL,ClosedByDeadzone,0,1,0,4,1000,2,1,Running,NA,0,3333333,1,0,25,0,3333333,0,8064896,0,Rejected,KeySequence,13
2020-05-11,11:38:10.4450,[gameevent],FishHooked,3,7,7,NA,NA,NA,NA,2,3,NA,NA,NA,NA,NA,NA,NA,NA,NA,NA,NA,NA,NA,NA,0,1,0,4,1000,2,1,Running,NA,0,3333333,1,0,25,0,3333333,0,8064896,0,Rejected,KeySequence,13
2020-05-11,11:38:12.4258,InputWindowOpen,NA,3,7,7,NA,NA,NA,NA,2,3,NA,NA,NA,NA,NA,NA,NA,NA,NA,NA,NA,NA,NA,NA,0,1,0,4,1000,2,1,Running,NA,0,3333333,1,0,25,0,3333333,0,8064896,0,Rejected,KeySequence,13
2020-05-11,11:38:12.4258,[gameevent],NextTrialStarted,3,7,7,NA,NA,NA,NA,2,3,NA,NA,NA,NA,NA,NA,NA,NA,NA,NA,NA,NA,NA,NA,0,1,0,4,1000,2,1,Running,NA,0,3333333,1,0,25,0,3333333,0,8064896,0,Rejected,KeySequence,13
2020-05-11,11:38:12.4941,KeyDown,NA,3,7,7,NA,NA,NA,NA,2,3,NA,H,0,0,0,CorrectKey,H,K,14,Correct,Fast,Accepted,HKJL,ClosedByInputThreshold,0,1,0,4,1000,2,1,Running,NA,0,3333333,1,0,25,0,3333333,0,8064896,1,Accepted,KeySequence,14
2020-05-11,11:38:12.7087,KeyDown,NA,3,7,7,NA,NA,NA,NA,2,3,NA,K,0.216358,0.216358,1,CorrectKey,H,K,14,Correct,Fast,Accepted,HKJL,ClosedByInputThreshold,0,1,0,4,1000,2,1,Running,NA,0,3333333,1,0,25,0,3333333,0,8064896,1,Accepted,KeySequence,14
2020-05-11,11:38:12.8516,KeyDown,NA,3,7,7,NA,NA,NA,NA,2,3,NA,J,0.3684079,0.1520499,2,CorrectKey,J,None,14,Correct,Fast,Accepted,HKJL,ClosedByInputThreshold,0,1,0,4,1000,2,1,Running,NA,0,3333333,1,0,25,0,3333333,0,8064896,1,Accepted,KeySequence,14
2020-05-11,11:38:13.0269,KeyDown,NA,3,7,7,NA,NA,NA,NA,2,3,NA,L,0.5350364,0.1666285,3,CorrectKey,L,None,14,Correct,Fast,Accepted,HKJL,ClosedByInputThreshold,0,1,0,4,1000,2,1,Running,NA,0,3333333,1,0,25,0,3333333,0,8064896,1,Accepted,KeySequence,14
2020-05-11,11:38:13.0279,KeySequenceStopped,NA,3,7,7,NA,NA,NA,NA,2,3,NA,NA,0.5516061,0.0165697,NA,NA,NA,NA,14,Correct,Fast,Accepted,HKJL,ClosedByInputThreshold,0,1,0,4,1000,2,1,Running,NA,0,3333333,1,0,25,0,3333333,0,8064896,1,Accepted,KeySequence,14
2020-05-11,11:38:13.0279,[gameevent],InputAccepted,3,7,7,NA,NA,NA,NA,2,3,NA,NA,NA,NA,NA,NA,NA,NA,NA,NA,NA,NA,NA,NA,0,1,0,4,1000,2,1,Running,NA,0,3333333,1,0,25,0,3333333,0,8064896,1,Accepted,KeySequence,14
2020-05-11,11:38:13.4431,InputWindowClosed,NA,3,7,7,NA,NA,NA,NA,2,3,NA,NA,NA,NA,NA,NA,NA,NA,NA,NA,NA,NA,NA,NA,0,1,0,4,1000,2,1,Running,NA,0,3333333,1,0,25,0,3333333,0,8064896,1,Accepted,KeySequence,14
2020-05-11,11:38:13.4441,[gameevent],Feedback,3,7,7,Failure,NA,NA,NA,2,2,NA,NA,NA,NA,NA,NA,NA,NA,NA,NA,NA,NA,NA,NA,0,1,0,4,1000,2,1,Running,NA,0,3333333,1,0,25,0,3333333,0,8064896,1,Accepted,KeySequence,14
2020-05-11,11:38:13.4441,DecisionRejectAllInput,NA,3,7,7,NA,NA,NA,NA,2,2,NA,NA,NA,NA,NA,NA,NA,NA,NA,NA,NA,NA,NA,NA,0,1,0,4,1000,2,1,Running,NA,0,2857143,1,0,25,0,2857143,0,9383786,1,Accepted,KeySequence,14
2020-05-11,11:38:13.0445,KeyDown,NA,3,7,7,NA,NA,NA,NA,2,2,NA,K,0,0,0,CorrectKey,H,K,15,Correct,Fast,Accepted,HKJL,ClosedByDeadzone,0,1,0,4,1000,2,1,Running,NA,0,2857143,1,0,25,0,2857143,0,9383786,0,Rejected,KeySequence,15
2020-05-11,11:38:13.8024,KeySequenceStopped,NA,3,7,7,NA,NA,NA,NA,2,2,NA,NA,0.766133,0.766133,NA,NA,NA,NA,15,Correct,Fast,Accepted,HKJL,ClosedByDeadzone,0,1,0,4,1000,2,1,Running,NA,0,2857143,1,0,25,0,2857143,0,9383786,0,Rejected,KeySequence,15
2020-05-11,11:38:16.2267,InputWindowOpen,NA,3,7,7,NA,NA,NA,NA,2,2,NA,NA,NA,NA,NA,NA,NA,NA,NA,NA,NA,NA,NA,NA,0,1,0,4,1000,2,1,Running,NA,0,2857143,1,0,25,0,2857143,0,9383786,0,Rejected,KeySequence,15
2020-05-11,11:38:16.2267,[gameevent],NextTrialStarted,3,8,8,NA,NA,NA,NA,2,2,NA,NA,NA,NA,NA,NA,NA,NA,NA,NA,NA,NA,NA,NA,0,1,0,4,1000,2,1,Running,NA,0,2857143,1,0,25,0,2857143,0,9383786,0,Rejected,KeySequence,15
2020-05-11,11:38:16.2510,KeyDown,NA,3,8,8,NA,NA,NA,NA,2,2,NA,H,0,0,0,CorrectKey,H,K,16,Correct,Fast,Accepted,HKJL,ClosedByInputThreshold,0,1,0,4,1000,2,1,Running,NA,0,2857143,1,0,25,0,2857143,0,9383786,1,Accepted,KeySequence,16
2020-05-11,11:38:16.4598,KeyDown,NA,3,8,8,NA,NA,NA,NA,2,2,NA,K,0.2078176,0.2078176,1,CorrectKey,H,K,16,Correct,Fast,Accepted,HKJL,ClosedByInputThreshold,0,1,0,4,1000,2,1,Running,NA,0,2857143,1,0,25,0,2857143,0,9383786,1,Accepted,KeySequence,16
2020-05-11,11:38:16.5833,KeyDown,NA,3,8,8,NA,NA,NA,NA,2,2,NA,J,0.3399312,0.1321136,2,CorrectKey,J,None,16,Correct,Fast,Accepted,HKJL,ClosedByInputThreshold,0,1,0,4,1000,2,1,Running,NA,0,2857143,1,0,25,0,2857143,0,9383786,1,Accepted,KeySequence,16
2020-05-11,11:38:16.7381,KeyDown,NA,3,8,8,NA,NA,NA,NA,2,2,NA,L,0.4891558,0.1492246,3,CorrectKey,L,None,16,Correct,Fast,Accepted,HKJL,ClosedByInputThreshold,0,1,0,4,1000,2,1,Running,NA,0,2857143,1,0,25,0,2857143,0,9383786,1,Accepted,KeySequence,16
2020-05-11,11:38:16.7381,KeySequenceStopped,NA,3,8,8,NA,NA,NA,NA,2,2,NA,NA,0.5010868,0.011931,NA,NA,NA,NA,16,Correct,Fast,Accepted,HKJL,ClosedByInputThreshold,0,1,0,4,1000,2,1,Running,NA,0,2857143,1,0,25,0,2857143,0,9383786,1,Accepted,KeySequence,16
2020-05-11,11:38:16.7391,[gameevent],InputAccepted,3,8,8,NA,NA,NA,NA,2,2,NA,NA,NA,NA,NA,NA,NA,NA,NA,NA,NA,NA,NA,NA,0,1,0,4,1000,2,1,Running,NA,0,2857143,1,0,25,0,2857143,0,9383786,1,Accepted,KeySequence,16
2020-05-11,11:38:17.2369,InputWindowClosed,NA,3,8,8,NA,NA,NA,NA,2,2,NA,NA,NA,NA,NA,NA,NA,NA,NA,NA,NA,NA,NA,NA,0,1,0,4,1000,2,1,Running,NA,0,2857143,1,0,25,0,2857143,0,9383786,1,Accepted,KeySequence,16
2020-05-11,11:38:17.2369,[gameevent],Feedback,3,8,8,Failure,NA,NA,NA,2,1,NA,NA,NA,NA,NA,NA,NA,NA,NA,NA,NA,NA,NA,NA,0,1,0,4,1000,2,1,Running,NA,0,2857143,1,0,25,0,2857143,0,9383786,1,Accepted,KeySequence,16
2020-05-11,11:38:17.2369,DecisionRejectAllInput,NA,3,8,8,NA,NA,NA,NA,2,1,NA,NA,NA,NA,NA,NA,NA,NA,NA,NA,NA,NA,NA,NA,0,1,0,4,1000,2,1,Running,NA,0,25,1,0,25,0,25,0,8660706,1,Accepted,KeySequence,16
2020-05-11,11:38:16.7631,KeyDown,NA,3,8,8,NA,NA,NA,NA,2,1,NA,K,0,0,0,CorrectKey,H,K,17,Correct,Fast,Accepted,HKJL,ClosedByDeadzone,0,1,0,4,1000,2,1,Running,NA,0,25,1,0,25,0,25,0,8660706,0,Rejected,KeySequence,17
2020-05-11,11:38:17.4989,KeySequenceStopped,NA,3,8,8,NA,NA,NA,NA,2,1,NA,NA,0.7519642,0.7519642,NA,NA,NA,NA,17,Correct,Fast,Accepted,HKJL,ClosedByDeadzone,0,1,0,4,1000,2,1,Running,NA,0,25,1,0,25,0,25,0,8660706,0,Rejected,KeySequence,17
2020-05-11,11:38:20.0168,InputWindowOpen,NA,3,8,8,NA,NA,NA,NA,2,1,NA,NA,NA,NA,NA,NA,NA,NA,NA,NA,NA,NA,NA,NA,0,1,0,4,1000,2,1,Running,NA,0,25,1,0,25,0,25,0,8660706,0,Rejected,KeySequence,17
2020-05-11,11:38:20.0168,[gameevent],NextTrialStarted,3,9,9,NA,NA,NA,NA,2,1,NA,NA,NA,NA,NA,NA,NA,NA,NA,NA,NA,NA,NA,NA,0,1,0,4,1000,2,1,Running,NA,0,25,1,0,25,0,25,0,8660706,0,Rejected,KeySequence,17
2020-05-11,11:38:20.1094,KeyDown,NA,3,9,9,NA,NA,NA,NA,2,1,NA,H,0,0,0,CorrectKey,H,K,18,Correct,Fast,Accepted,HKJL,ClosedByInputThreshold,0,1,0,4,1000,2,1,Running,NA,0,25,1,0,25,0,25,0,8660706,1,Accepted,KeySequence,18
2020-05-11,11:38:20.2351,KeyDown,NA,3,9,9,NA,NA,NA,NA,2,1,NA,K,0.1223889,0.1223889,1,CorrectKey,H,K,18,Correct,Fast,Accepted,HKJL,ClosedByInputThreshold,0,1,0,4,1000,2,1,Running,NA,0,25,1,0,25,0,25,0,8660706,1,Accepted,KeySequence,18
2020-05-11,11:38:20.4165,KeyDown,NA,3,9,9,NA,NA,NA,NA,2,1,NA,J,0.3154602,0.1930713,2,CorrectKey,J,None,18,Correct,Fast,Accepted,HKJL,ClosedByInputThreshold,0,1,0,4,1000,2,1,Running,NA,0,25,1,0,25,0,25,0,8660706,1,Accepted,KeySequence,18
2020-05-11,11:38:20.5946,KeyDown,NA,3,9,9,NA,NA,NA,NA,2,1,NA,L,0.4834144,0.1679543,3,CorrectKey,L,None,18,Correct,Fast,Accepted,HKJL,ClosedByInputThreshold,0,1,0,4,1000,2,1,Running,NA,0,25,1,0,25,0,25,0,8660706,1,Accepted,KeySequence,18
2020-05-11,11:38:20.5956,KeySequenceStopped,NA,3,9,9,NA,NA,NA,NA,2,1,NA,NA,0.5007163,0.0173019,NA,NA,NA,NA,18,Correct,Fast,Accepted,HKJL,ClosedByInputThreshold,0,1,0,4,1000,2,1,Running,NA,0,25,1,0,25,0,25,0,8660706,1,Accepted,KeySequence,18
2020-05-11,11:38:20.5979,[gameevent],InputAccepted,3,9,9,NA,NA,NA,NA,2,1,NA,NA,NA,NA,NA,NA,NA,NA,NA,NA,NA,NA,NA,NA,0,1,0,4,1000,2,1,Running,NA,0,25,1,0,25,0,25,0,8660706,1,Accepted,KeySequence,18
2020-05-11,11:38:20.5979,InputWindowClosed,NA,3,9,9,NA,NA,NA,NA,2,1,NA,NA,NA,NA,NA,NA,NA,NA,NA,NA,NA,NA,NA,NA,0,1,0,4,1000,2,1,Running,NA,0,25,1,0,25,0,25,0,8660706,1,Accepted,KeySequence,18
2020-05-11,11:38:20.5979,DecisionAcceptAllInput,NA,3,9,9,NA,NA,NA,NA,2,1,NA,NA,NA,NA,NA,NA,NA,NA,NA,NA,NA,NA,NA,NA,0,1,0,4,1000,2,1,Running,NA,0,3333333,1,0,25,0,3333333,0,8785112,1,Accepted,KeySequence,18
2020-05-11,11:38:20.5989,[gameevent],Feedback,3,9,9,Success,NA,NA,NA,1,1,NA,NA,NA,NA,NA,NA,NA,NA,NA,NA,NA,NA,NA,NA,0,1,0,4,1000,2,1,Running,NA,0,3333333,1,0,25,0,3333333,0,8785112,1,Accepted,KeySequence,18
2020-05-11,11:38:23.3745,InputWindowOpen,NA,3,9,9,NA,NA,NA,NA,1,1,NA,NA,NA,NA,NA,NA,NA,NA,NA,NA,NA,NA,NA,NA,0,1,0,4,1000,2,1,Running,NA,0,3333333,1,0,25,0,3333333,0,8785112,1,Accepted,KeySequence,18
2020-05-11,11:38:23.3745,[gameevent],NextTrialStarted,3,10,10,NA,NA,NA,NA,1,1,NA,NA,NA,NA,NA,NA,NA,NA,NA,NA,NA,NA,NA,NA,0,1,0,4,1000,2,1,Running,NA,0,3333333,1,0,25,0,3333333,0,8785112,1,Accepted,KeySequence,18
2020-05-11,11:38:23.4504,KeyDown,NA,3,10,10,NA,NA,NA,NA,1,1,NA,H,0,0,0,CorrectKey,H,K,19,Correct,Fast,Accepted,HKJL,ClosedByInputThreshold,0,1,0,4,1000,2,1,Running,NA,0,3333333,1,0,25,0,3333333,0,8785112,1,Accepted,KeySequence,19
2020-05-11,11:38:23.6083,KeyDown,NA,3,10,10,NA,NA,NA,NA,1,1,NA,K,0.1499706,0.1499706,1,CorrectKey,H,K,19,Correct,Fast,Accepted,HKJL,ClosedByInputThreshold,0,1,0,4,1000,2,1,Running,NA,0,3333333,1,0,25,0,3333333,0,8785112,1,Accepted,KeySequence,19
2020-05-11,11:38:23.7908,KeyDown,NA,3,10,10,NA,NA,NA,NA,1,1,NA,J,0.3326825,0.1827119,2,CorrectKey,J,None,19,Correct,Fast,Accepted,HKJL,ClosedByInputThreshold,0,1,0,4,1000,2,1,Running,NA,0,3333333,1,0,25,0,3333333,0,8785112,1,Accepted,KeySequence,19
2020-05-11,11:38:23.9585,KeyDown,NA,3,10,10,NA,NA,NA,NA,1,1,NA,L,0.4991254,0.166443,3,CorrectKey,L,None,19,Correct,Fast,Accepted,HKJL,ClosedByInputThreshold,0,1,0,4,1000,2,1,Running,NA,0,3333333,1,0,25,0,3333333,0,8785112,1,Accepted,KeySequence,19
2020-05-11,11:38:23.9585,KeySequenceStopped,NA,3,10,10,NA,NA,NA,NA,1,1,NA,NA,0.51658,0.0174546,NA,NA,NA,NA,19,Correct,Fast,Accepted,HKJL,ClosedByInputThreshold,0,1,0,4,1000,2,1,Running,NA,0,3333333,1,0,25,0,3333333,0,8785112,1,Accepted,KeySequence,19
2020-05-11,11:38:23.9585,[gameevent],InputAccepted,3,10,10,NA,NA,NA,NA,1,1,NA,NA,NA,NA,NA,NA,NA,NA,NA,NA,NA,NA,NA,NA,0,1,0,4,1000,2,1,Running,NA,0,3333333,1,0,25,0,3333333,0,8785112,1,Accepted,KeySequence,19
2020-05-11,11:38:23.9585,InputWindowClosed,NA,3,10,10,NA,NA,NA,NA,1,1,NA,NA,NA,NA,NA,NA,NA,NA,NA,NA,NA,NA,NA,NA,0,1,0,4,1000,2,1,Running,NA,0,3333333,1,0,25,0,3333333,0,8785112,1,Accepted,KeySequence,19
2020-05-11,11:38:23.9585,DecisionAcceptAllInput,NA,3,10,10,NA,NA,NA,NA,1,1,NA,NA,NA,NA,NA,NA,NA,NA,NA,NA,NA,NA,NA,NA,0,1,0,4,1000,2,1,Running,NA,0,4,1,0,25,0,4,1,088655,1,Accepted,KeySequence,19
2020-05-11,11:38:23.9585,[gameevent],Feedback,3,10,10,Success,NA,NA,NA,0,3,NA,NA,NA,NA,NA,NA,NA,NA,NA,NA,NA,NA,NA,NA,0,1,0,4,1000,2,1,Running,NA,0,4,1,0,25,0,4,1,088655,1,Accepted,KeySequence,19
2020-05-11,11:38:26.2412,[gameevent],BlockEnded,3,10,10,NA,Win,2,1,NA,NA,M - Perch,NA,NA,NA,NA,NA,NA,NA,NA,NA,NA,NA,NA,NA,0,1,0,4,1000,2,1,Running,NA,0,4,1,0,25,0,4,1,088655,1,Accepted,KeySequence,19
2020-05-11,11:38:31.9078,KeyDown,NA,NA,NA,NA,NA,NA,NA,NA,NA,NA,NA,LeftArrow,0,0,NA,WrongKey,H,K,20,Mistyped,Fast,Accepted,HKJL,ClosedByDeadzone,0,1,0,4,1000,2,1,Running,NA,0,4,1,0,25,0,4,1,088655,0,Rejected,KeySequence,20
2020-05-11,11:38:32.6570,KeySequenceStopped,NA,NA,NA,NA,NA,NA,NA,NA,NA,NA,NA,NA,0.7658167,0.7658167,NA,NA,NA,NA,20,Mistyped,Fast,Accepted,HKJL,ClosedByDeadzone,0,1,0,4,1000,2,1,Running,NA,0,4,1,0,25,0,4,1,088655,0,Rejected,KeySequence,20
2020-05-11,11:38:32.9343,[gameevent],HookMoved,NA,NA,NA,NA,NA,NA,NA,1,3,NA,NA,NA,NA,NA,NA,NA,NA,NA,NA,NA,NA,NA,NA,0,1,0,4,1000,2,1,Running,NA,0,4,1,0,25,0,4,1,088655,0,Rejected,KeySequence,20
2020-05-11,11:38:32.9323,KeyDown,NA,NA,NA,NA,NA,NA,NA,NA,1,3,NA,DownArrow,0,0,NA,WrongKey,H,K,21,Mistyped,Fast,Accepted,HKJL,ClosedByDeadzone,0,1,0,4,1000,2,1,Running,NA,0,4,1,0,25,0,4,1,088655,0,Rejected,KeySequence,21
2020-05-11,11:38:33.6742,KeySequenceStopped,NA,NA,NA,NA,NA,NA,NA,NA,1,3,NA,NA,0.7507161,0.7507161,NA,NA,NA,NA,21,Mistyped,Fast,Accepted,HKJL,ClosedByDeadzone,0,1,0,4,1000,2,1,Running,NA,0,4,1,0,25,0,4,1,088655,0,Rejected,KeySequence,21
2020-05-11,11:38:33.6834,KeyDown,NA,NA,NA,NA,NA,NA,NA,NA,1,3,NA,DownArrow,0.7507161,0.7507161,NA,WrongKey,H,K,22,Correct,Slow,Accepted,HKJL,ClosedByInputThreshold,0,1,0,4,1000,2,1,Running,NA,0,4,1,0,25,0,4,1,088655,1,Accepted,KeySequence,22
2020-05-11,11:38:34.1567,KeyDown,NA,NA,NA,NA,NA,NA,NA,NA,1,3,NA,DownArrow,1.216371,0.4656548,NA,WrongKey,H,K,22,Correct,Slow,Accepted,HKJL,ClosedByInputThreshold,0,1,0,4,1000,2,1,Running,NA,0,4,1,0,25,0,4,1,088655,1,Accepted,KeySequence,22
2020-05-11,11:38:34.6651,KeyDown,NA,NA,NA,NA,NA,NA,NA,NA,1,3,NA,DownArrow,1.733178,0.5168069,NA,WrongKey,J,None,22,Correct,Slow,Accepted,HKJL,ClosedByInputThreshold,0,1,0,4,1000,2,1,Running,NA,0,4,1,0,25,0,4,1,088655,1,Accepted,KeySequence,22
2020-05-11,11:38:34.6976,KeyDown,NA,NA,NA,NA,NA,NA,NA,NA,1,3,NA,DownArrow,1.758032,0.0248536,NA,WrongKey,L,None,22,Correct,Slow,Accepted,HKJL,ClosedByInputThreshold,0,1,0,4,1000,2,1,Running,NA,0,4,1,0,25,0,4,1,088655,1,Accepted,KeySequence,22
2020-05-11,11:38:34.6976,KeySequenceStopped,NA,NA,NA,NA,NA,NA,NA,NA,1,3,NA,NA,1.774982,0.0169501,NA,NA,NA,NA,22,Correct,Slow,Accepted,HKJL,ClosedByInputThreshold,0,1,0,4,1000,2,1,Running,NA,0,4,1,0,25,0,4,1,088655,1,Accepted,KeySequence,22
2020-05-11,11:38:34.7351,KeyDown,NA,NA,NA,NA,NA,NA,NA,NA,1,3,NA,DownArrow,0,0,NA,WrongKey,H,K,23,Correct,Fast,Accepted,HKJL,ClosedByInputThreshold,0,1,0,4,1000,2,1,Running,NA,0,4,1,0,25,0,4,1,088655,1,Accepted,KeySequence,23
2020-05-11,11:38:34.7653,KeyDown,NA,NA,NA,NA,NA,NA,NA,NA,1,3,NA,DownArrow,0.0319103,0.0319103,NA,WrongKey,H,K,23,Correct,Fast,Accepted,HKJL,ClosedByInputThreshold,0,1,0,4,1000,2,1,Running,NA,0,4,1,0,25,0,4,1,088655,1,Accepted,KeySequence,23
2020-05-11,11:38:34.7976,KeyDown,NA,NA,NA,NA,NA,NA,NA,NA,1,3,NA,DownArrow,0.056707,0.0247967,NA,WrongKey,J,None,23,Correct,Fast,Accepted,HKJL,ClosedByInputThreshold,0,1,0,4,1000,2,1,Running,NA,0,4,1,0,25,0,4,1,088655,1,Accepted,KeySequence,23
2020-05-11,11:38:34.8320,KeyDown,NA,NA,NA,NA,NA,NA,NA,NA,1,3,NA,DownArrow,0.09857091,0.0418639,NA,WrongKey,L,None,23,Correct,Fast,Accepted,HKJL,ClosedByInputThreshold,0,1,0,4,1000,2,1,Running,NA,0,4,1,0,25,0,4,1,088655,1,Accepted,KeySequence,23
2020-05-11,11:38:34.8330,KeySequenceStopped,NA,NA,NA,NA,NA,NA,NA,NA,1,3,NA,NA,0.1081798,0.0096089,NA,NA,NA,NA,23,Correct,Fast,Accepted,HKJL,ClosedByInputThreshold,0,1,0,4,1000,2,1,Running,NA,0,4,1,0,25,0,4,1,088655,1,Accepted,KeySequence,23
2020-05-11,11:38:34.8740,KeyDown,NA,NA,NA,NA,NA,NA,NA,NA,1,3,NA,DownArrow,0,0,NA,WrongKey,H,K,24,Correct,Fast,Accepted,HKJL,ClosedByInputThreshold,0,1,0,4,1000,2,1,Running,NA,0,4,1,0,25,0,4,1,088655,1,Accepted,KeySequence,24
2020-05-11,11:38:34.9070,KeyDown,NA,NA,NA,NA,NA,NA,NA,NA,1,3,NA,DownArrow,0.0320818,0.0320818,NA,WrongKey,H,K,24,Correct,Fast,Accepted,HKJL,ClosedByInputThreshold,0,1,0,4,1000,2,1,Running,NA,0,4,1,0,25,0,4,1,088655,1,Accepted,KeySequence,24
2020-05-11,11:38:34.9304,KeyDown,NA,NA,NA,NA,NA,NA,NA,NA,1,3,NA,DownArrow,0.0664667,0.0343849,NA,WrongKey,J,None,24,Correct,Fast,Accepted,HKJL,ClosedByInputThreshold,0,1,0,4,1000,2,1,Running,NA,0,4,1,0,25,0,4,1,088655,1,Accepted,KeySequence,24
2020-05-11,11:38:34.9576,KeyDown,NA,NA,NA,NA,NA,NA,NA,NA,1,3,NA,DownArrow,0.0903994,0.0239327,NA,WrongKey,L,None,24,Correct,Fast,Accepted,HKJL,ClosedByInputThreshold,0,1,0,4,1000,2,1,Running,NA,0,4,1,0,25,0,4,1,088655,1,Accepted,KeySequence,24
2020-05-11,11:38:34.9586,KeySequenceStopped,NA,NA,NA,NA,NA,NA,NA,NA,1,3,NA,NA,0.1005691,0.0101697,NA,NA,NA,NA,24,Correct,Fast,Accepted,HKJL,ClosedByInputThreshold,0,1,0,4,1000,2,1,Running,NA,0,4,1,0,25,0,4,1,088655,1,Accepted,KeySequence,24
2020-05-11,11:38:34.9996,KeyDown,NA,NA,NA,NA,NA,NA,NA,NA,1,3,NA,DownArrow,0,0,NA,WrongKey,H,K,25,Correct,Fast,Accepted,HKJL,ClosedByInputThreshold,0,1,0,4,1000,2,1,Running,NA,0,4,1,0,25,0,4,1,088655,1,Accepted,KeySequence,25
2020-05-11,11:38:35.0253,KeyDown,NA,NA,NA,NA,NA,NA,NA,NA,1,3,NA,DownArrow,0.0169093,0.0169093,NA,WrongKey,H,K,25,Correct,Fast,Accepted,HKJL,ClosedByInputThreshold,0,1,0,4,1000,2,1,Running,NA,0,4,1,0,25,0,4,1,088655,1,Accepted,KeySequence,25
2020-05-11,11:38:35.0570,KeyDown,NA,NA,NA,NA,NA,NA,NA,NA,1,3,NA,DownArrow,0.0493999,0.0324906,NA,WrongKey,J,None,25,Correct,Fast,Accepted,HKJL,ClosedByInputThreshold,0,1,0,4,1000,2,1,Running,NA,0,4,1,0,25,0,4,1,088655,1,Accepted,KeySequence,25
2020-05-11,11:38:35.0891,KeyDown,NA,NA,NA,NA,NA,NA,NA,NA,1,3,NA,DownArrow,0.0823237,0.0329238,NA,WrongKey,L,None,25,Correct,Fast,Accepted,HKJL,ClosedByInputThreshold,0,1,0,4,1000,2,1,Running,NA,0,4,1,0,25,0,4,1,088655,1,Accepted,KeySequence,25
2020-05-11,11:38:35.0902,KeySequenceStopped,NA,NA,NA,NA,NA,NA,NA,NA,1,3,NA,NA,0.0996949,0.0173712,NA,NA,NA,NA,25,Correct,Fast,Accepted,HKJL,ClosedByInputThreshold,0,1,0,4,1000,2,1,Running,NA,0,4,1,0,25,0,4,1,088655,1,Accepted,KeySequence,25
2020-05-11,11:38:35.1349,KeyDown,NA,NA,NA,NA,NA,NA,NA,NA,1,3,NA,DownArrow,0,0,NA,WrongKey,H,K,26,Correct,Fast,Accepted,HKJL,ClosedByInputThreshold,0,1,0,4,1000,2,1,Running,NA,0,4,1,0,25,0,4,1,088655,1,Accepted,KeySequence,26
2020-05-11,11:38:35.1568,KeyDown,NA,NA,NA,NA,NA,NA,NA,NA,1,3,NA,DownArrow,0.0165658,0.0165658,NA,WrongKey,H,K,26,Correct,Fast,Accepted,HKJL,ClosedByInputThreshold,0,1,0,4,1000,2,1,Running,NA,0,4,1,0,25,0,4,1,088655,1,Accepted,KeySequence,26
2020-05-11,11:38:35.1988,KeyDown,NA,NA,NA,NA,NA,NA,NA,NA,1,3,NA,DownArrow,0.0667024,0.0501366,NA,WrongKey,J,None,26,Correct,Fast,Accepted,HKJL,ClosedByInputThreshold,0,1,0,4,1000,2,1,Running,NA,0,4,1,0,25,0,4,1,088655,1,Accepted,KeySequence,26
2020-05-11,11:38:35.2248,KeyDown,NA,NA,NA,NA,NA,NA,NA,NA,1,3,NA,DownArrow,0.0824261,0.0157237,NA,WrongKey,L,None,26,Correct,Fast,Accepted,HKJL,ClosedByInputThreshold,0,1,0,4,1000,2,1,Running,NA,0,4,1,0,25,0,4,1,088655,1,Accepted,KeySequence,26
2020-05-11,11:38:35.2248,KeySequenceStopped,NA,NA,NA,NA,NA,NA,NA,NA,1,3,NA,NA,0.1016016,0.0191755,NA,NA,NA,NA,26,Correct,Fast,Accepted,HKJL,ClosedByInputThreshold,0,1,0,4,1000,2,1,Running,NA,0,4,1,0,25,0,4,1,088655,1,Accepted,KeySequence,26
2020-05-11,11:38:35.2601,KeyDown,NA,NA,NA,NA,NA,NA,NA,NA,1,3,NA,DownArrow,0,0,NA,WrongKey,H,K,27,Correct,Fast,Accepted,HKJL,ClosedByInputThreshold,0,1,0,4,1000,2,1,Running,NA,0,4,1,0,25,0,4,1,088655,1,Accepted,KeySequence,27
2020-05-11,11:38:35.2902,KeyDown,NA,NA,NA,NA,NA,NA,NA,NA,1,3,NA,DownArrow,0.0395972,0.0395972,NA,WrongKey,H,K,27,Correct,Fast,Accepted,HKJL,ClosedByInputThreshold,0,1,0,4,1000,2,1,Running,NA,0,4,1,0,25,0,4,1,088655,1,Accepted,KeySequence,27
2020-05-11,11:38:35.3242,KeyDown,NA,NA,NA,NA,NA,NA,NA,NA,1,3,NA,DownArrow,0.0648903,0.0252931,NA,WrongKey,J,None,27,Correct,Fast,Accepted,HKJL,ClosedByInputThreshold,0,1,0,4,1000,2,1,Running,NA,0,4,1,0,25,0,4,1,088655,1,Accepted,KeySequence,27
2020-05-11,11:38:35.3568,KeyDown,NA,NA,NA,NA,NA,NA,NA,NA,1,3,NA,DownArrow,0.09781539,0.0329251,NA,WrongKey,L,None,27,Correct,Fast,Accepted,HKJL,ClosedByInputThreshold,0,1,0,4,1000,2,1,Running,NA,0,4,1,0,25,0,4,1,088655,1,Accepted,KeySequence,27
2020-05-11,11:38:35.3578,KeySequenceStopped,NA,NA,NA,NA,NA,NA,NA,NA,1,3,NA,NA,0.1152344,0.017419,NA,NA,NA,NA,27,Correct,Fast,Accepted,HKJL,ClosedByInputThreshold,0,1,0,4,1000,2,1,Running,NA,0,4,1,0,25,0,4,1,088655,1,Accepted,KeySequence,27
2020-05-11,11:38:35.5325,[gameevent],HookMoved,NA,NA,NA,NA,NA,NA,NA,2,3,NA,NA,NA,NA,NA,NA,NA,NA,NA,NA,NA,NA,NA,NA,0,1,0,4,1000,2,1,Running,NA,0,4,1,0,25,0,4,1,088655,1,Accepted,KeySequence,27
2020-05-11,11:38:35.8398,[gameevent],FishMissed,NA,NA,NA,NA,NA,NA,NA,2,3,NA,NA,NA,NA,NA,NA,NA,NA,NA,NA,NA,NA,NA,NA,0,1,0,4,1000,2,1,Running,NA,0,4,1,0,25,0,4,1,088655,1,Accepted,KeySequence,27
2020-05-11,11:38:35.3901,KeyDown,NA,NA,NA,NA,NA,NA,NA,NA,2,3,NA,DownArrow,0,0,NA,WrongKey,H,K,28,Mistyped,Fast,Accepted,HKJL,ClosedByDeadzone,0,1,0,4,1000,2,1,Running,NA,0,4,1,0,25,0,4,1,088655,0,Rejected,KeySequence,28
2020-05-11,11:38:35.4335,KeyDown,NA,NA,NA,NA,NA,NA,NA,NA,2,3,NA,DownArrow,0.0496547,0.0496547,NA,WrongKey,H,K,28,Mistyped,Fast,Accepted,HKJL,ClosedByDeadzone,0,1,0,4,1000,2,1,Running,NA,0,4,1,0,25,0,4,1,088655,0,Rejected,KeySequence,28
2020-05-11,11:38:35.5309,KeyDown,NA,NA,NA,NA,NA,NA,NA,NA,2,3,NA,DownArrow,0.1402458,0.0905911,NA,WrongKey,J,None,28,Mistyped,Fast,Accepted,HKJL,ClosedByDeadzone,0,1,0,4,1000,2,1,Running,NA,0,4,1,0,25,0,4,1,088655,0,Rejected,KeySequence,28
2020-05-11,11:38:36.2660,KeySequenceStopped,NA,NA,NA,NA,NA,NA,NA,NA,2,3,NA,NA,0.8907136,0.7504678,NA,NA,NA,NA,28,Mistyped,Fast,Accepted,HKJL,ClosedByDeadzone,0,1,0,4,1000,2,1,Running,NA,0,4,1,0,25,0,4,1,088655,0,Rejected,KeySequence,28
2020-05-11,11:38:36.7832,[gameevent],HookMoved,NA,NA,NA,NA,NA,NA,NA,3,3,NA,NA,NA,NA,NA,NA,NA,NA,NA,NA,NA,NA,NA,NA,0,1,0,4,1000,2,1,Running,NA,0,4,1,0,25,0,4,1,088655,0,Rejected,KeySequence,28
2020-05-11,11:38:36.7822,KeyDown,NA,NA,NA,NA,NA,NA,NA,NA,3,3,NA,DownArrow,0,0,NA,WrongKey,H,K,29,Mistyped,Fast,Accepted,HKJL,ClosedByDeadzone,0,1,0,4,1000,2,1,Running,NA,0,4,1,0,25,0,4,1,088655,0,Rejected,KeySequence,29
2020-05-11,11:38:37.5300,KeySequenceStopped,NA,NA,NA,NA,NA,NA,NA,NA,3,3,NA,NA,0.7659709,0.7659709,NA,NA,NA,NA,29,Mistyped,Fast,Accepted,HKJL,ClosedByDeadzone,0,1,0,4,1000,2,1,Running,NA,0,4,1,0,25,0,4,1,088655,0,Rejected,KeySequence,29
2020-05-11,11:38:37.8255,[gameevent],HookMoved,NA,NA,NA,NA,NA,NA,NA,2,3,NA,NA,NA,NA,NA,NA,NA,NA,NA,NA,NA,NA,NA,NA,0,1,0,4,1000,2,1,Running,NA,0,4,1,0,25,0,4,1,088655,0,Rejected,KeySequence,29
2020-05-11,11:38:37.8235,KeyDown,NA,NA,NA,NA,NA,NA,NA,NA,2,3,NA,UpArrow,0,0,NA,WrongKey,H,K,30,Mistyped,Fast,Accepted,HKJL,ClosedByDeadzone,0,1,0,4,1000,2,1,Running,NA,0,4,1,0,25,0,4,1,088655,0,Rejected,KeySequence,30
2020-05-11,11:38:38.5653,KeySequenceStopped,NA,NA,NA,NA,NA,NA,NA,NA,2,3,NA,NA,0.7508889,0.7508889,NA,NA,NA,NA,30,Mistyped,Fast,Accepted,HKJL,ClosedByDeadzone,0,1,0,4,1000,2,1,Running,NA,0,4,1,0,25,0,4,1,088655,0,Rejected,KeySequence,30
2020-05-11,11:38:39.2572,[gameevent],HookMoved,NA,NA,NA,NA,NA,NA,NA,1,3,NA,NA,NA,NA,NA,NA,NA,NA,NA,NA,NA,NA,NA,NA,0,1,0,4,1000,2,1,Running,NA,0,4,1,0,25,0,4,1,088655,0,Rejected,KeySequence,30
2020-05-11,11:38:39.2561,KeyDown,NA,NA,NA,NA,NA,NA,NA,NA,1,3,NA,UpArrow,0,0,NA,WrongKey,H,K,31,Mistyped,Fast,Accepted,HKJL,ClosedByDeadzone,0,1,0,4,1000,2,1,Running,NA,0,4,1,0,25,0,4,1,088655,0,Rejected,KeySequence,31
2020-05-11,11:38:39.9993,KeySequenceStopped,NA,NA,NA,NA,NA,NA,NA,NA,1,3,NA,NA,0.7508534,0.7508534,NA,NA,NA,NA,31,Mistyped,Fast,Accepted,HKJL,ClosedByDeadzone,0,1,0,4,1000,2,1,Running,NA,0,4,1,0,25,0,4,1,088655,0,Rejected,KeySequence,31
2020-05-11,11:38:40.4607,[gameevent],HookMoved,NA,NA,NA,NA,NA,NA,NA,2,3,NA,NA,NA,NA,NA,NA,NA,NA,NA,NA,NA,NA,NA,NA,0,1,0,4,1000,2,1,Running,NA,0,4,1,0,25,0,4,1,088655,0,Rejected,KeySequence,31
2020-05-11,11:38:40.4596,KeyDown,NA,NA,NA,NA,NA,NA,NA,NA,2,3,NA,DownArrow,0,0,NA,WrongKey,H,K,32,Mistyped,Fast,Accepted,HKJL,ClosedByDeadzone,0,1,0,4,1000,2,1,Running,NA,0,4,1,0,25,0,4,1,088655,0,Rejected,KeySequence,32
2020-05-11,11:38:41.2147,KeySequenceStopped,NA,NA,NA,NA,NA,NA,NA,NA,2,3,NA,NA,0.7667209,0.7667209,NA,NA,NA,NA,32,Mistyped,Fast,Accepted,HKJL,ClosedByDeadzone,0,1,0,4,1000,2,1,Running,NA,0,4,1,0,25,0,4,1,088655,0,Rejected,KeySequence,32
2020-05-11,11:38:42.2152,[gameevent],HookMoved,NA,NA,NA,NA,NA,NA,NA,3,3,NA,NA,NA,NA,NA,NA,NA,NA,NA,NA,NA,NA,NA,NA,0,1,0,4,1000,2,1,Running,NA,0,4,1,0,25,0,4,1,088655,0,Rejected,KeySequence,32
2020-05-11,11:38:42.2142,KeyDown,NA,NA,NA,NA,NA,NA,NA,NA,3,3,NA,DownArrow,0,0,NA,WrongKey,H,K,33,Mistyped,Fast,Accepted,HKJL,ClosedByDeadzone,0,1,0,4,1000,2,1,Running,NA,0,4,1,0,25,0,4,1,088655,0,Rejected,KeySequence,33
2020-05-11,11:38:42.9574,KeySequenceStopped,NA,NA,NA,NA,NA,NA,NA,NA,3,3,NA,NA,0.758172,0.758172,NA,NA,NA,NA,33,Mistyped,Fast,Accepted,HKJL,ClosedByDeadzone,0,1,0,4,1000,2,1,Running,NA,0,4,1,0,25,0,4,1,088655,0,Rejected,KeySequence,33
2020-05-11,11:38:46.2389,[gameevent],FishHooked,4,11,11,NA,NA,NA,NA,3,3,NA,NA,NA,NA,NA,NA,NA,NA,NA,NA,NA,NA,NA,NA,0,1,0,4,1000,2,1,Running,NA,0,4,1,0,25,0,4,1,088655,0,Rejected,KeySequence,33
2020-05-11,11:38:48.2220,InputWindowOpen,NA,4,11,11,NA,NA,NA,NA,3,3,NA,NA,NA,NA,NA,NA,NA,NA,NA,NA,NA,NA,NA,NA,0,1,0,4,1000,2,1,Running,NA,0,4,1,0,25,0,4,1,088655,0,Rejected,KeySequence,33
2020-05-11,11:38:48.2220,[gameevent],NextTrialStarted,4,11,11,NA,NA,NA,NA,3,3,NA,NA,NA,NA,NA,NA,NA,NA,NA,NA,NA,NA,NA,NA,0,1,0,4,1000,2,1,Running,NA,0,4,1,0,25,0,4,1,088655,0,Rejected,KeySequence,33
2020-05-11,11:38:48.3057,KeyDown,NA,4,11,11,NA,NA,NA,NA,3,3,NA,H,0,0,0,CorrectKey,H,K,34,Correct,Fast,Accepted,HKJL,ClosedByInputThreshold,0,1,0,4,1000,2,1,Running,NA,0,4,1,0,25,0,4,1,088655,1,Accepted,KeySequence,34
2020-05-11,11:38:48.4560,KeyDown,NA,4,11,11,NA,NA,NA,NA,3,3,NA,K,0.1502955,0.1502955,1,CorrectKey,H,K,34,Correct,Fast,Accepted,HKJL,ClosedByInputThreshold,0,1,0,4,1000,2,1,Running,NA,0,4,1,0,25,0,4,1,088655,1,Accepted,KeySequence,34
2020-05-11,11:38:48.6122,KeyDown,NA,4,11,11,NA,NA,NA,NA,3,3,NA,J,0.3011717,0.1508762,2,CorrectKey,J,None,34,Correct,Fast,Accepted,HKJL,ClosedByInputThreshold,0,1,0,4,1000,2,1,Running,NA,0,4,1,0,25,0,4,1,088655,1,Accepted,KeySequence,34
2020-05-11,11:38:48.7549,KeyDown,NA,4,11,11,NA,NA,NA,NA,3,3,NA,L,0.4504319,0.1492602,3,CorrectKey,L,None,34,Correct,Fast,Accepted,HKJL,ClosedByInputThreshold,0,1,0,4,1000,2,1,Running,NA,0,4,1,0,25,0,4,1,088655,1,Accepted,KeySequence,34
2020-05-11,11:38:48.7559,KeySequenceStopped,NA,4,11,11,NA,NA,NA,NA,3,3,NA,NA,0.4594817,0.0090497,NA,NA,NA,NA,34,Correct,Fast,Accepted,HKJL,ClosedByInputThreshold,0,1,0,4,1000,2,1,Running,NA,0,4,1,0,25,0,4,1,088655,1,Accepted,KeySequence,34
2020-05-11,11:38:48.7585,[gameevent],InputAccepted,4,11,11,NA,NA,NA,NA,3,3,NA,NA,NA,NA,NA,NA,NA,NA,NA,NA,NA,NA,NA,NA,0,1,0,4,1000,2,1,Running,NA,0,4,1,0,25,0,4,1,088655,1,Accepted,KeySequence,34
2020-05-11,11:38:48.7585,InputWindowClosed,NA,4,11,11,NA,NA,NA,NA,3,3,NA,NA,NA,NA,NA,NA,NA,NA,NA,NA,NA,NA,NA,NA,0,1,0,4,1000,2,1,Running,NA,0,4,1,0,25,0,4,1,088655,1,Accepted,KeySequence,34
2020-05-11,11:38:48.7585,DecisionAcceptAllInput,NA,4,11,11,NA,NA,NA,NA,3,3,NA,NA,NA,NA,NA,NA,NA,NA,NA,NA,NA,NA,NA,NA,0,1,0,4,1000,2,1,Running,NA,0,4545455,1,0,25,0,4545455,1,037508,1,Accepted,KeySequence,34
2020-05-11,11:38:48.7595,[gameevent],Feedback,4,11,11,Success,NA,NA,NA,2,3,NA,NA,NA,NA,NA,NA,NA,NA,NA,NA,NA,NA,NA,NA,0,1,0,4,1000,2,1,Running,NA,0,4545455,1,0,25,0,4545455,1,037508,1,Accepted,KeySequence,34
2020-05-11,11:38:51.5298,InputWindowOpen,NA,4,11,11,NA,NA,NA,NA,2,3,NA,NA,NA,NA,NA,NA,NA,NA,NA,NA,NA,NA,NA,NA,0,1,0,4,1000,2,1,Running,NA,0,4545455,1,0,25,0,4545455,1,037508,1,Accepted,KeySequence,34
2020-05-11,11:38:51.5298,[gameevent],NextTrialStarted,4,12,12,NA,NA,NA,NA,2,3,NA,NA,NA,NA,NA,NA,NA,NA,NA,NA,NA,NA,NA,NA,0,1,0,4,1000,2,1,Running,NA,0,4545455,1,0,25,0,4545455,1,037508,1,Accepted,KeySequence,34
2020-05-11,11:38:51.6133,KeyDown,NA,4,12,12,NA,NA,NA,NA,2,3,NA,H,0,0,0,CorrectKey,H,K,35,Correct,Fast,Accepted,HKJL,ClosedByInputThreshold,0,1,0,4,1000,2,1,Running,NA,0,4545455,1,0,25,0,4545455,1,037508,1,Accepted,KeySequence,35
2020-05-11,11:38:51.7713,KeyDown,NA,4,12,12,NA,NA,NA,NA,2,3,NA,K,0.157855,0.157855,1,CorrectKey,H,K,35,Correct,Fast,Accepted,HKJL,ClosedByInputThreshold,0,1,0,4,1000,2,1,Running,NA,0,4545455,1,0,25,0,4545455,1,037508,1,Accepted,KeySequence,35
2020-05-11,11:38:51.8710,KeyDown,NA,4,12,12,NA,NA,NA,NA,2,3,NA,L,0.2679804,0.1101254,NA,WrongKey,J,None,35,Correct,Fast,Accepted,HKJL,ClosedByInputThreshold,0,1,0,4,1000,2,1,Running,NA,0,4545455,1,0,25,0,4545455,1,037508,1,Accepted,KeySequence,35
2020-05-11,11:38:51.9292,KeyDown,NA,4,12,12,NA,NA,NA,NA,2,3,NA,J,0.324826,0.0568456,NA,WrongKey,L,None,35,Correct,Fast,Accepted,HKJL,ClosedByInputThreshold,0,1,0,4,1000,2,1,Running,NA,0,4545455,1,0,25,0,4545455,1,037508,1,Accepted,KeySequence,35
2020-05-11,11:38:51.9302,KeySequenceStopped,NA,4,12,12,NA,NA,NA,NA,2,3,NA,NA,0.333759,0.008933,NA,NA,NA,NA,35,Correct,Fast,Accepted,HKJL,ClosedByInputThreshold,0,1,0,4,1000,2,1,Running,NA,0,4545455,1,0,25,0,4545455,1,037508,1,Accepted,KeySequence,35
2020-05-11,11:38:51.9302,[gameevent],InputAccepted,4,12,12,NA,NA,NA,NA,2,3,NA,NA,NA,NA,NA,NA,NA,NA,NA,NA,NA,NA,NA,NA,0,1,0,4,1000,2,1,Running,NA,0,4545455,1,0,25,0,4545455,1,037508,1,Accepted,KeySequence,35
2020-05-11,11:38:52.5379,InputWindowClosed,NA,4,12,12,NA,NA,NA,NA,2,3,NA,NA,NA,NA,NA,NA,NA,NA,NA,NA,NA,NA,NA,NA,0,1,0,4,1000,2,1,Running,NA,0,4545455,1,0,25,0,4545455,1,037508,1,Accepted,KeySequence,35
2020-05-11,11:38:52.5389,[gameevent],Feedback,4,12,12,Failure,NA,NA,NA,2,4,NA,NA,NA,NA,NA,NA,NA,NA,NA,NA,NA,NA,NA,NA,0,1,0,4,1000,2,1,Running,NA,0,4545455,1,0,25,0,4545455,1,037508,1,Accepted,KeySequence,35
2020-05-11,11:38:52.5389,DecisionRejectAllInput,NA,4,12,12,NA,NA,NA,NA,2,4,NA,NA,NA,NA,NA,NA,NA,NA,NA,NA,NA,NA,NA,NA,0,1,0,4,1000,2,1,Running,NA,0,4166667,1,0,25,0,4166667,1,028077,1,Accepted,KeySequence,35
2020-05-11,11:38:52.1707,KeyDown,NA,4,12,12,NA,NA,NA,NA,2,4,NA,L,0,0,NA,WrongKey,H,K,36,Mistyped,Fast,Accepted,HKJL,ClosedByDeadzone,0,1,0,4,1000,2,1,Running,NA,0,4166667,1,0,25,0,4166667,1,028077,0,Rejected,KeySequence,36
2020-05-11,11:38:52.1717,KeyDown,NA,4,12,12,NA,NA,NA,NA,2,4,NA,K,0,0,1,CorrectKey,H,K,36,Mistyped,Fast,Accepted,HKJL,ClosedByDeadzone,0,1,0,4,1000,2,1,Running,NA,0,4166667,1,0,25,0,4166667,1,028077,0,Rejected,KeySequence,36
2020-05-11,11:38:52.9218,KeySequenceStopped,NA,4,12,12,NA,NA,NA,NA,2,4,NA,NA,0.7658218,0.7658218,NA,NA,NA,NA,36,Mistyped,Fast,Accepted,HKJL,ClosedByDeadzone,0,1,0,4,1000,2,1,Running,NA,0,4166667,1,0,25,0,4166667,1,028077,0,Rejected,KeySequence,36
2020-05-11,11:38:55.3113,InputWindowOpen,NA,4,12,12,NA,NA,NA,NA,2,4,NA,NA,NA,NA,NA,NA,NA,NA,NA,NA,NA,NA,NA,NA,0,1,0,4,1000,2,1,Running,NA,0,4166667,1,0,25,0,4166667,1,028077,0,Rejected,KeySequence,36
2020-05-11,11:38:55.3113,[gameevent],NextTrialStarted,4,13,13,NA,NA,NA,NA,2,4,NA,NA,NA,NA,NA,NA,NA,NA,NA,NA,NA,NA,NA,NA,0,1,0,4,1000,2,1,Running,NA,0,4166667,1,0,25,0,4166667,1,028077,0,Rejected,KeySequence,36
2020-05-11,11:38:55.3869,KeyDown,NA,4,13,13,NA,NA,NA,NA,2,4,NA,H,0,0,0,CorrectKey,H,K,37,Correct,Fast,Accepted,HKJL,ClosedByInputThreshold,0,1,0,4,1000,2,1,Running,NA,0,4166667,1,0,25,0,4166667,1,028077,1,Accepted,KeySequence,37
2020-05-11,11:38:55.5377,KeyDown,NA,4,13,13,NA,NA,NA,NA,2,4,NA,K,0.1512655,0.1512655,1,CorrectKey,H,K,37,Correct,Fast,Accepted,HKJL,ClosedByInputThreshold,0,1,0,4,1000,2,1,Running,NA,0,4166667,1,0,25,0,4166667,1,028077,1,Accepted,KeySequence,37
2020-05-11,11:38:55.7042,KeyDown,NA,4,13,13,NA,NA,NA,NA,2,4,NA,L,0.3171428,0.1658773,NA,WrongKey,J,None,37,Correct,Fast,Accepted,HKJL,ClosedByInputThreshold,0,1,0,4,1000,2,1,Running,NA,0,4166667,1,0,25,0,4166667,1,028077,1,Accepted,KeySequence,37
2020-05-11,11:38:55.7648,KeyDown,NA,4,13,13,NA,NA,NA,NA,2,4,NA,J,0.3753989,0.0582561,NA,WrongKey,L,None,37,Correct,Fast,Accepted,HKJL,ClosedByInputThreshold,0,1,0,4,1000,2,1,Running,NA,0,4166667,1,0,25,0,4166667,1,028077,1,Accepted,KeySequence,37
2020-05-11,11:38:55.7657,KeySequenceStopped,NA,4,13,13,NA,NA,NA,NA,2,4,NA,NA,0.3943703,0.0189714,NA,NA,NA,NA,37,Correct,Fast,Accepted,HKJL,ClosedByInputThreshold,0,1,0,4,1000,2,1,Running,NA,0,4166667,1,0,25,0,4166667,1,028077,1,Accepted,KeySequence,37
2020-05-11,11:38:55.7667,[gameevent],InputAccepted,4,13,13,NA,NA,NA,NA,2,4,NA,NA,NA,NA,NA,NA,NA,NA,NA,NA,NA,NA,NA,NA,0,1,0,4,1000,2,1,Running,NA,0,4166667,1,0,25,0,4166667,1,028077,1,Accepted,KeySequence,37
2020-05-11,11:38:56.3290,InputWindowClosed,NA,4,13,13,NA,NA,NA,NA,2,4,NA,NA,NA,NA,NA,NA,NA,NA,NA,NA,NA,NA,NA,NA,0,1,0,4,1000,2,1,Running,NA,0,4166667,1,0,25,0,4166667,1,028077,1,Accepted,KeySequence,37
2020-05-11,11:38:56.3290,[gameevent],Feedback,4,13,13,Failure,NA,NA,NA,2,5,NA,NA,NA,NA,NA,NA,NA,NA,NA,NA,NA,NA,NA,NA,0,1,0,4,1000,2,1,Running,NA,0,4166667,1,0,25,0,4166667,1,028077,1,Accepted,KeySequence,37
2020-05-11,11:38:56.3290,DecisionRejectAllInput,NA,4,13,13,NA,NA,NA,NA,2,5,NA,NA,NA,NA,NA,NA,NA,NA,NA,NA,NA,NA,NA,NA,0,1,0,4,1000,2,1,Running,NA,0,3846154,1,0,25,0,3846154,1,149981,1,Accepted,KeySequence,37
2020-05-11,11:38:55.9574,KeyDown,NA,4,13,13,NA,NA,NA,NA,2,5,NA,L,0,0,NA,WrongKey,H,K,38,Mistyped,Fast,Accepted,HKJL,ClosedByDeadzone,0,1,0,4,1000,2,1,Running,NA,0,3846154,1,0,25,0,3846154,1,149981,0,Rejected,KeySequence,38
2020-05-11,11:38:56.6963,KeySequenceStopped,NA,4,13,13,NA,NA,NA,NA,2,5,NA,NA,0.7500246,0.7500246,NA,NA,NA,NA,38,Mistyped,Fast,Accepted,HKJL,ClosedByDeadzone,0,1,0,4,1000,2,1,Running,NA,0,3846154,1,0,25,0,3846154,1,149981,0,Rejected,KeySequence,38
2020-05-11,11:38:59.0884,InputWindowOpen,NA,4,13,13,NA,NA,NA,NA,2,5,NA,NA,NA,NA,NA,NA,NA,NA,NA,NA,NA,NA,NA,NA,0,1,0,4,1000,2,1,Running,NA,0,3846154,1,0,25,0,3846154,1,149981,0,Rejected,KeySequence,38
2020-05-11,11:38:59.0884,[gameevent],NextTrialStarted,4,14,14,NA,NA,NA,NA,2,5,NA,NA,NA,NA,NA,NA,NA,NA,NA,NA,NA,NA,NA,NA,0,1,0,4,1000,2,1,Running,NA,0,3846154,1,0,25,0,3846154,1,149981,0,Rejected,KeySequence,38
2020-05-11,11:38:59.0874,KeyDown,NA,4,14,14,NA,NA,NA,NA,2,5,NA,H,0,0,0,CorrectKey,H,K,39,Correct,Fast,Accepted,HKJL,ClosedByInputThreshold,0,1,0,4,1000,2,1,Running,NA,0,3846154,1,0,25,0,3846154,1,149981,1,Accepted,KeySequence,39
2020-05-11,11:38:59.2785,KeyDown,NA,4,14,14,NA,NA,NA,NA,2,5,NA,K,0.1920426,0.1920426,1,CorrectKey,H,K,39,Correct,Fast,Accepted,HKJL,ClosedByInputThreshold,0,1,0,4,1000,2,1,Running,NA,0,3846154,1,0,25,0,3846154,1,149981,1,Accepted,KeySequence,39
2020-05-11,11:38:59.4854,KeyDown,NA,4,14,14,NA,NA,NA,NA,2,5,NA,K,0.4005075,0.2084648,NA,WrongKey,J,None,39,Correct,Fast,Accepted,HKJL,ClosedByInputThreshold,0,1,0,4,1000,2,1,Running,NA,0,3846154,1,0,25,0,3846154,1,149981,1,Accepted,KeySequence,39
2020-05-11,11:38:59.5580,KeyDown,NA,4,14,14,NA,NA,NA,NA,2,5,NA,J,0.4674703,0.0669629,NA,WrongKey,L,None,39,Correct,Fast,Accepted,HKJL,ClosedByInputThreshold,0,1,0,4,1000,2,1,Running,NA,0,3846154,1,0,25,0,3846154,1,149981,1,Accepted,KeySequence,39
2020-05-11,11:38:59.5580,KeySequenceStopped,NA,4,14,14,NA,NA,NA,NA,2,5,NA,NA,0.479422,0.0119517,NA,NA,NA,NA,39,Correct,Fast,Accepted,HKJL,ClosedByInputThreshold,0,1,0,4,1000,2,1,Running,NA,0,3846154,1,0,25,0,3846154,1,149981,1,Accepted,KeySequence,39
2020-05-11,11:38:59.5580,[gameevent],InputAccepted,4,14,14,NA,NA,NA,NA,2,5,NA,NA,NA,NA,NA,NA,NA,NA,NA,NA,NA,NA,NA,NA,0,1,0,4,1000,2,1,Running,NA,0,3846154,1,0,25,0,3846154,1,149981,1,Accepted,KeySequence,39
2020-05-11,11:38:59.5580,InputWindowClosed,NA,4,14,14,NA,NA,NA,NA,2,5,NA,NA,NA,NA,NA,NA,NA,NA,NA,NA,NA,NA,NA,NA,0,1,0,4,1000,2,1,Running,NA,0,3846154,1,0,25,0,3846154,1,149981,1,Accepted,KeySequence,39
2020-05-11,11:38:59.5580,DecisionAcceptAllInput,NA,4,14,14,NA,NA,NA,NA,2,5,NA,NA,NA,NA,NA,NA,NA,NA,NA,NA,NA,NA,NA,NA,0,1,0,4,1000,2,1,Running,NA,0,4285714,1,0,25,0,4285714,1,019227,1,Accepted,KeySequence,39
2020-05-11,11:38:59.5580,[gameevent],Feedback,4,14,14,Success,NA,NA,NA,1,5,NA,NA,NA,NA,NA,NA,NA,NA,NA,NA,NA,NA,NA,NA,0,1,0,4,1000,2,1,Running,NA,0,4285714,1,0,25,0,4285714,1,019227,1,Accepted,KeySequence,39
2020-05-11,11:38:59.7545,KeyDown,NA,4,14,14,NA,NA,NA,NA,1,5,NA,L,0,0,NA,WrongKey,H,K,40,Mistyped,Fast,Accepted,HKJL,ClosedByDeadzone,0,1,0,4,1000,2,1,Running,NA,0,4285714,1,0,25,0,4285714,1,019227,0,Rejected,KeySequence,40
2020-05-11,11:39:00.4881,KeySequenceStopped,NA,4,14,14,NA,NA,NA,NA,1,5,NA,NA,0.7506756,0.7506756,NA,NA,NA,NA,40,Mistyped,Fast,Accepted,HKJL,ClosedByDeadzone,0,1,0,4,1000,2,1,Running,NA,0,4285714,1,0,25,0,4285714,1,019227,0,Rejected,KeySequence,40
2020-05-11,11:39:02.3366,InputWindowOpen,NA,4,14,14,NA,NA,NA,NA,1,5,NA,NA,NA,NA,NA,NA,NA,NA,NA,NA,NA,NA,NA,NA,0,1,0,4,1000,2,1,Running,NA,0,4285714,1,0,25,0,4285714,1,019227,0,Rejected,KeySequence,40
2020-05-11,11:39:02.3366,[gameevent],NextTrialStarted,4,15,15,NA,NA,NA,NA,1,5,NA,NA,NA,NA,NA,NA,NA,NA,NA,NA,NA,NA,NA,NA,0,1,0,4,1000,2,1,Running,NA,0,4285714,1,0,25,0,4285714,1,019227,0,Rejected,KeySequence,40
2020-05-11,11:39:02.3772,KeyDown,NA,4,15,15,NA,NA,NA,NA,1,5,NA,H,0,0,0,CorrectKey,H,K,41,Correct,Fast,Accepted,HKJL,ClosedByInputThreshold,0,1,0,4,1000,2,1,Running,NA,0,4285714,1,0,25,0,4285714,1,019227,1,Accepted,KeySequence,41
2020-05-11,11:39:02.5136,KeyDown,NA,4,15,15,NA,NA,NA,NA,1,5,NA,K,0.1249397,0.1249397,1,CorrectKey,H,K,41,Correct,Fast,Accepted,HKJL,ClosedByInputThreshold,0,1,0,4,1000,2,1,Running,NA,0,4285714,1,0,25,0,4285714,1,019227,1,Accepted,KeySequence,41
2020-05-11,11:39:02.7696,KeyDown,NA,4,15,15,NA,NA,NA,NA,1,5,NA,L,0.383261,0.2583213,NA,WrongKey,J,None,41,Correct,Fast,Accepted,HKJL,ClosedByInputThreshold,0,1,0,4,1000,2,1,Running,NA,0,4285714,1,0,25,0,4285714,1,019227,1,Accepted,KeySequence,41
2020-05-11,11:39:02.8536,KeyDown,NA,4,15,15,NA,NA,NA,NA,1,5,NA,J,0.4665674,0.08330641,NA,WrongKey,L,None,41,Correct,Fast,Accepted,HKJL,ClosedByInputThreshold,0,1,0,4,1000,2,1,Running,NA,0,4285714,1,0,25,0,4285714,1,019227,1,Accepted,KeySequence,41
2020-05-11,11:39:02.8536,KeySequenceStopped,NA,4,15,15,NA,NA,NA,NA,1,5,NA,NA,0.4844367,0.0178693,NA,NA,NA,NA,41,Correct,Fast,Accepted,HKJL,ClosedByInputThreshold,0,1,0,4,1000,2,1,Running,NA,0,4285714,1,0,25,0,4285714,1,019227,1,Accepted,KeySequence,41
2020-05-11,11:39:02.8536,[gameevent],InputAccepted,4,15,15,NA,NA,NA,NA,1,5,NA,NA,NA,NA,NA,NA,NA,NA,NA,NA,NA,NA,NA,NA,0,1,0,4,1000,2,1,Running,NA,0,4285714,1,0,25,0,4285714,1,019227,1,Accepted,KeySequence,41
2020-05-11,11:39:03.3360,InputWindowClosed,NA,4,15,15,NA,NA,NA,NA,1,5,NA,NA,NA,NA,NA,NA,NA,NA,NA,NA,NA,NA,NA,NA,0,1,0,4,1000,2,1,Running,NA,0,4285714,1,0,25,0,4285714,1,019227,1,Accepted,KeySequence,41
2020-05-11,11:39:03.3370,[gameevent],Feedback,4,15,15,Failure,NA,NA,NA,1,6,NA,NA,NA,NA,NA,NA,NA,NA,NA,NA,NA,NA,NA,NA,0,1,0,4,1000,2,1,Running,NA,0,4285714,1,0,25,0,4285714,1,019227,1,Accepted,KeySequence,41
2020-05-11,11:39:03.3370,DecisionRejectAllInput,NA,4,15,15,NA,NA,NA,NA,1,6,NA,NA,NA,NA,NA,NA,NA,NA,NA,NA,NA,NA,NA,NA,0,1,0,4,1000,2,1,Running,NA,0,4,1,0,25,0,4,1,13953,1,Accepted,KeySequence,41
2020-05-11,11:39:03.2546,KeyDown,NA,4,15,15,NA,NA,NA,NA,1,6,NA,L,0,0,NA,WrongKey,H,K,42,Mistyped,Fast,Accepted,HKJL,ClosedByDeadzone,0,1,0,4,1000,2,1,Running,NA,0,4,1,0,25,0,4,1,13953,0,Rejected,KeySequence,42
2020-05-11,11:39:03.9947,KeySequenceStopped,NA,4,15,15,NA,NA,NA,NA,1,6,NA,NA,0.7576485,0.7576485,NA,NA,NA,NA,42,Mistyped,Fast,Accepted,HKJL,ClosedByDeadzone,0,1,0,4,1000,2,1,Running,NA,0,4,1,0,25,0,4,1,13953,0,Rejected,KeySequence,42
2020-05-11,11:39:04.1110,[gameevent],BlockEnded,4,15,15,NA,Loss,2,2,NA,NA,NA,NA,NA,NA,NA,NA,NA,NA,NA,NA,NA,NA,NA,NA,0,1,0,4,1000,2,1,Running,NA,0,4,1,0,25,0,4,1,13953,0,Rejected,KeySequence,42
2020-05-11,11:39:09.7188,[gameevent],HookMoved,NA,NA,NA,NA,NA,NA,NA,1,3,NA,NA,NA,NA,NA,NA,NA,NA,NA,NA,NA,NA,NA,NA,0,1,0,4,1000,2,1,Running,NA,0,4,1,0,25,0,4,1,13953,0,Rejected,KeySequence,42
2020-05-11,11:39:09.7188,KeyDown,NA,NA,NA,NA,NA,NA,NA,NA,1,3,NA,DownArrow,0,0,NA,WrongKey,H,K,43,Mistyped,Fast,Accepted,HKJL,ClosedByDeadzone,0,1,0,4,1000,2,1,Running,NA,0,4,1,0,25,0,4,1,13953,0,Rejected,KeySequence,43
2020-05-11,11:39:10.4551,KeySequenceStopped,NA,NA,NA,NA,NA,NA,NA,NA,1,3,NA,NA,0.7529028,0.7529028,NA,NA,NA,NA,43,Mistyped,Fast,Accepted,HKJL,ClosedByDeadzone,0,1,0,4,1000,2,1,Running,NA,0,4,1,0,25,0,4,1,13953,0,Rejected,KeySequence,43
2020-05-11,11:39:11.4038,KeyDown,NA,NA,NA,NA,NA,NA,NA,NA,1,3,NA,DownArrow,0,0,NA,WrongKey,H,K,44,Mistyped,Fast,Accepted,HKJL,ClosedByDeadzone,0,1,0,4,1000,2,1,Running,NA,0,4,1,0,25,0,4,1,13953,0,Rejected,KeySequence,44
2020-05-11,11:39:12.1446,KeySequenceStopped,NA,NA,NA,NA,NA,NA,NA,NA,1,3,NA,NA,0.7590487,0.7590487,NA,NA,NA,NA,44,Mistyped,Fast,Accepted,HKJL,ClosedByDeadzone,0,1,0,4,1000,2,1,Running,NA,0,4,1,0,25,0,4,1,13953,0,Rejected,KeySequence,44
2020-05-11,11:39:12.2023,[gameevent],HookMoved,NA,NA,NA,NA,NA,NA,NA,2,3,NA,NA,NA,NA,NA,NA,NA,NA,NA,NA,NA,NA,NA,NA,0,1,0,4,1000,2,1,Running,NA,0,4,1,0,25,0,4,1,13953,0,Rejected,KeySequence,44
2020-05-11,11:39:12.2023,KeyDown,NA,NA,NA,NA,NA,NA,NA,NA,2,3,NA,DownArrow,0,0,NA,WrongKey,H,K,45,Mistyped,Fast,Accepted,HKJL,ClosedByDeadzone,0,1,0,4,1000,2,1,Running,NA,0,4,1,0,25,0,4,1,13953,0,Rejected,KeySequence,45
2020-05-11,11:39:12.9374,KeySequenceStopped,NA,NA,NA,NA,NA,NA,NA,NA,2,3,NA,NA,0.7524034,0.7524034,NA,NA,NA,NA,45,Mistyped,Fast,Accepted,HKJL,ClosedByDeadzone,0,1,0,4,1000,2,1,Running,NA,0,4,1,0,25,0,4,1,13953,0,Rejected,KeySequence,45
2020-05-11,11:39:13.0938,[gameevent],FishHooked,5,16,16,NA,NA,NA,NA,2,3,NA,NA,NA,NA,NA,NA,NA,NA,NA,NA,NA,NA,NA,NA,0,1,0,4,1000,2,1,Running,NA,0,4,1,0,25,0,4,1,13953,0,Rejected,KeySequence,45
2020-05-11,11:39:15.0943,InputWindowOpen,NA,5,16,16,NA,NA,NA,NA,2,3,NA,NA,NA,NA,NA,NA,NA,NA,NA,NA,NA,NA,NA,NA,0,1,0,4,1000,2,1,Running,NA,0,4,1,0,25,0,4,1,13953,0,Rejected,KeySequence,45
2020-05-11,11:39:15.0943,[gameevent],NextTrialStarted,5,16,16,NA,NA,NA,NA,2,3,NA,NA,NA,NA,NA,NA,NA,NA,NA,NA,NA,NA,NA,NA,0,1,0,4,1000,2,1,Running,NA,0,4,1,0,25,0,4,1,13953,0,Rejected,KeySequence,45
2020-05-11,11:39:15.1766,KeyDown,NA,5,16,16,NA,NA,NA,NA,2,3,NA,H,0,0,0,CorrectKey,H,K,46,Correct,Fast,Accepted,HKJL,ClosedByInputThreshold,0,1,0,4,1000,2,1,Running,NA,0,4,1,0,25,0,4,1,13953,1,Accepted,KeySequence,46
2020-05-11,11:39:15.2683,KeyDown,NA,5,16,16,NA,NA,NA,NA,2,3,NA,K,0.0819888,0.0819888,1,CorrectKey,H,K,46,Correct,Fast,Accepted,HKJL,ClosedByInputThreshold,0,1,0,4,1000,2,1,Running,NA,0,4,1,0,25,0,4,1,13953,1,Accepted,KeySequence,46
2020-05-11,11:39:15.4553,KeyDown,NA,5,16,16,NA,NA,NA,NA,2,3,NA,J,0.2735747,0.1915859,2,CorrectKey,J,None,46,Correct,Fast,Accepted,HKJL,ClosedByInputThreshold,0,1,0,4,1000,2,1,Running,NA,0,4,1,0,25,0,4,1,13953,1,Accepted,KeySequence,46
2020-05-11,11:39:15.6061,KeyDown,NA,5,16,16,NA,NA,NA,NA,2,3,NA,L,0.4162357,0.1426611,3,CorrectKey,L,None,46,Correct,Fast,Accepted,HKJL,ClosedByInputThreshold,0,1,0,4,1000,2,1,Running,NA,0,4,1,0,25,0,4,1,13953,1,Accepted,KeySequence,46
2020-05-11,11:39:15.6061,KeySequenceStopped,NA,5,16,16,NA,NA,NA,NA,2,3,NA,NA,0.4365146,0.0202789,NA,NA,NA,NA,46,Correct,Fast,Accepted,HKJL,ClosedByInputThreshold,0,1,0,4,1000,2,1,Running,NA,0,4,1,0,25,0,4,1,13953,1,Accepted,KeySequence,46
2020-05-11,11:39:15.6061,[gameevent],InputAccepted,5,16,16,NA,NA,NA,NA,2,3,NA,NA,NA,NA,NA,NA,NA,NA,NA,NA,NA,NA,NA,NA,0,1,0,4,1000,2,1,Running,NA,0,4,1,0,25,0,4,1,13953,1,Accepted,KeySequence,46
2020-05-11,11:39:15.6061,InputWindowClosed,NA,5,16,16,NA,NA,NA,NA,2,3,NA,NA,NA,NA,NA,NA,NA,NA,NA,NA,NA,NA,NA,NA,0,1,0,4,1000,2,1,Running,NA,0,4,1,0,25,0,4,1,13953,1,Accepted,KeySequence,46
2020-05-11,11:39:15.6061,DecisionAcceptAllInput,NA,5,16,16,NA,NA,NA,NA,2,3,NA,NA,NA,NA,NA,NA,NA,NA,NA,NA,NA,NA,NA,NA,0,1,0,4,1000,2,1,Running,NA,0,4375,1,0,25,0,4375,1,095564,1,Accepted,KeySequence,46
2020-05-11,11:39:15.6071,[gameevent],Feedback,5,16,16,Success,NA,NA,NA,1,3,NA,NA,NA,NA,NA,NA,NA,NA,NA,NA,NA,NA,NA,NA,0,1,0,4,1000,2,1,Running,NA,0,4375,1,0,25,0,4375,1,095564,1,Accepted,KeySequence,46
2020-05-11,11:39:18.3908,InputWindowOpen,NA,5,16,16,NA,NA,NA,NA,1,3,NA,NA,NA,NA,NA,NA,NA,NA,NA,NA,NA,NA,NA,NA,0,1,0,4,1000,2,1,Running,NA,0,4375,1,0,25,0,4375,1,095564,1,Accepted,KeySequence,46
2020-05-11,11:39:18.3948,[gameevent],NextTrialStarted,5,17,17,NA,NA,NA,NA,1,3,NA,NA,NA,NA,NA,NA,NA,NA,NA,NA,NA,NA,NA,NA,0,1,0,4,1000,2,1,Running,NA,0,4375,1,0,25,0,4375,1,095564,1,Accepted,KeySequence,46
2020-05-11,11:39:18.5499,KeyDown,NA,5,17,17,NA,NA,NA,NA,1,3,NA,H,0,0,0,CorrectKey,H,K,47,Correct,Fast,Accepted,HKJL,ClosedByInputThreshold,0,1,0,4,1000,2,1,Running,NA,0,4375,1,0,25,0,4375,1,095564,1,Accepted,KeySequence,47
2020-05-11,11:39:18.7010,KeyDown,NA,5,17,17,NA,NA,NA,NA,1,3,NA,K,0.1496721,0.1496721,1,CorrectKey,H,K,47,Correct,Fast,Accepted,HKJL,ClosedByInputThreshold,0,1,0,4,1000,2,1,Running,NA,0,4375,1,0,25,0,4375,1,095564,1,Accepted,KeySequence,47
2020-05-11,11:39:18.8257,KeyDown,NA,5,17,17,NA,NA,NA,NA,1,3,NA,J,0.2740131,0.124341,2,CorrectKey,J,None,47,Correct,Fast,Accepted,HKJL,ClosedByInputThreshold,0,1,0,4,1000,2,1,Running,NA,0,4375,1,0,25,0,4375,1,095564,1,Accepted,KeySequence,47
2020-05-11,11:39:18.9944,KeyDown,NA,5,17,17,NA,NA,NA,NA,1,3,NA,L,0.4491484,0.1751353,3,CorrectKey,L,None,47,Correct,Fast,Accepted,HKJL,ClosedByInputThreshold,0,1,0,4,1000,2,1,Running,NA,0,4375,1,0,25,0,4375,1,095564,1,Accepted,KeySequence,47
2020-05-11,11:39:18.9954,KeySequenceStopped,NA,5,17,17,NA,NA,NA,NA,1,3,NA,NA,0.4599014,0.010753,NA,NA,NA,NA,47,Correct,Fast,Accepted,HKJL,ClosedByInputThreshold,0,1,0,4,1000,2,1,Running,NA,0,4375,1,0,25,0,4375,1,095564,1,Accepted,KeySequence,47
2020-05-11,11:39:18.9954,[gameevent],InputAccepted,5,17,17,NA,NA,NA,NA,1,3,NA,NA,NA,NA,NA,NA,NA,NA,NA,NA,NA,NA,NA,NA,0,1,0,4,1000,2,1,Running,NA,0,4375,1,0,25,0,4375,1,095564,1,Accepted,KeySequence,47
2020-05-11,11:39:19.3858,InputWindowClosed,NA,5,17,17,NA,NA,NA,NA,1,3,NA,NA,NA,NA,NA,NA,NA,NA,NA,NA,NA,NA,NA,NA,0,1,0,4,1000,2,1,Running,NA,0,4375,1,0,25,0,4375,1,095564,1,Accepted,KeySequence,47
2020-05-11,11:39:19.3858,[gameevent],Feedback,5,17,17,Failure,NA,NA,NA,1,2,NA,NA,NA,NA,NA,NA,NA,NA,NA,NA,NA,NA,NA,NA,0,1,0,4,1000,2,1,Running,NA,0,4375,1,0,25,0,4375,1,095564,1,Accepted,KeySequence,47
2020-05-11,11:39:19.3858,DecisionRejectAllInput,NA,5,17,17,NA,NA,NA,NA,1,2,NA,NA,NA,NA,NA,NA,NA,NA,NA,NA,NA,NA,NA,NA,0,1,0,4,1000,2,1,Running,NA,0,4117647,1,0,25,0,4117647,0,9314654,1,Accepted,KeySequence,47
2020-05-11,11:39:22.1584,InputWindowOpen,NA,5,17,17,NA,NA,NA,NA,1,2,NA,NA,NA,NA,NA,NA,NA,NA,NA,NA,NA,NA,NA,NA,0,1,0,4,1000,2,1,Running,NA,0,4117647,1,0,25,0,4117647,0,9314654,1,Accepted,KeySequence,47
2020-05-11,11:39:22.1584,[gameevent],NextTrialStarted,5,18,18,NA,NA,NA,NA,1,2,NA,NA,NA,NA,NA,NA,NA,NA,NA,NA,NA,NA,NA,NA,0,1,0,4,1000,2,1,Running,NA,0,4117647,1,0,25,0,4117647,0,9314654,1,Accepted,KeySequence,47
2020-05-11,11:39:22.2080,KeyDown,NA,5,18,18,NA,NA,NA,NA,1,2,NA,H,0,0,0,CorrectKey,H,K,48,Correct,Fast,Accepted,HKJL,ClosedByInputThreshold,0,1,0,4,1000,2,1,Running,NA,0,4117647,1,0,25,0,4117647,0,9314654,1,Accepted,KeySequence,48
2020-05-11,11:39:22.4019,KeyDown,NA,5,18,18,NA,NA,NA,NA,1,2,NA,K,0.19098,0.19098,1,CorrectKey,H,K,48,Correct,Fast,Accepted,HKJL,ClosedByInputThreshold,0,1,0,4,1000,2,1,Running,NA,0,4117647,1,0,25,0,4117647,0,9314654,1,Accepted,KeySequence,48
2020-05-11,11:39:22.5780,KeyDown,NA,5,18,18,NA,NA,NA,NA,1,2,NA,J,0.3574962,0.1665162,2,CorrectKey,J,None,48,Correct,Fast,Accepted,HKJL,ClosedByInputThreshold,0,1,0,4,1000,2,1,Running,NA,0,4117647,1,0,25,0,4117647,0,9314654,1,Accepted,KeySequence,48
2020-05-11,11:39:22.7589,KeyDown,NA,5,18,18,NA,NA,NA,NA,1,2,NA,L,0.5403215,0.1828254,3,CorrectKey,L,None,48,Correct,Fast,Accepted,HKJL,ClosedByInputThreshold,0,1,0,4,1000,2,1,Running,NA,0,4117647,1,0,25,0,4117647,0,9314654,1,Accepted,KeySequence,48
2020-05-11,11:39:22.7589,KeySequenceStopped,NA,5,18,18,NA,NA,NA,NA,1,2,NA,NA,0.55808,0.0177585,NA,NA,NA,NA,48,Correct,Fast,Accepted,HKJL,ClosedByInputThreshold,0,1,0,4,1000,2,1,Running,NA,0,4117647,1,0,25,0,4117647,0,9314654,1,Accepted,KeySequence,48
2020-05-11,11:39:22.7589,[gameevent],InputAccepted,5,18,18,NA,NA,NA,NA,1,2,NA,NA,NA,NA,NA,NA,NA,NA,NA,NA,NA,NA,NA,NA,0,1,0,4,1000,2,1,Running,NA,0,4117647,1,0,25,0,4117647,0,9314654,1,Accepted,KeySequence,48
2020-05-11,11:39:22.7589,InputWindowClosed,NA,5,18,18,NA,NA,NA,NA,1,2,NA,NA,NA,NA,NA,NA,NA,NA,NA,NA,NA,NA,NA,NA,0,1,0,4,1000,2,1,Running,NA,0,4117647,1,0,25,0,4117647,0,9314654,1,Accepted,KeySequence,48
2020-05-11,11:39:22.7589,DecisionAcceptAllInput,NA,5,18,18,NA,NA,NA,NA,1,2,NA,NA,NA,NA,NA,NA,NA,NA,NA,NA,NA,NA,NA,NA,0,1,0,4,1000,2,1,Running,NA,0,4444444,1,0,25,0,4444444,1,233891,1,Accepted,KeySequence,48
2020-05-11,11:39:22.7589,[gameevent],Feedback,5,18,18,Success,NA,NA,NA,0,3,NA,NA,NA,NA,NA,NA,NA,NA,NA,NA,NA,NA,NA,NA,0,1,0,4,1000,2,1,Running,NA,0,4444444,1,0,25,0,4444444,1,233891,1,Accepted,KeySequence,48
2020-05-11,11:39:25.0673,[gameevent],BlockEnded,5,18,18,NA,Win,3,2,NA,NA,M - Perch,NA,NA,NA,NA,NA,NA,NA,NA,NA,NA,NA,NA,NA,0,1,0,4,1000,2,1,Running,NA,0,4444444,1,0,25,0,4444444,1,233891,1,Accepted,KeySequence,48
2020-05-11,11:39:28.1858,[gameevent],HookMoved,NA,NA,NA,NA,NA,NA,NA,1,3,NA,NA,NA,NA,NA,NA,NA,NA,NA,NA,NA,NA,NA,NA,0,1,0,4,1000,2,1,Running,NA,0,4444444,1,0,25,0,4444444,1,233891,1,Accepted,KeySequence,48
2020-05-11,11:39:28.1858,KeyDown,NA,NA,NA,NA,NA,NA,NA,NA,1,3,NA,DownArrow,0,0,NA,WrongKey,H,K,49,Mistyped,Fast,Accepted,HKJL,ClosedByDeadzone,0,1,0,4,1000,2,1,Running,NA,0,4444444,1,0,25,0,4444444,1,233891,0,Rejected,KeySequence,49
2020-05-11,11:39:28.9408,KeySequenceStopped,NA,NA,NA,NA,NA,NA,NA,NA,1,3,NA,NA,0.7652683,0.7652683,NA,NA,NA,NA,49,Mistyped,Fast,Accepted,HKJL,ClosedByDeadzone,0,1,0,4,1000,2,1,Running,NA,0,4444444,1,0,25,0,4444444,1,233891,0,Rejected,KeySequence,49
2020-05-11,11:39:30.3322,[gameevent],HookMoved,NA,NA,NA,NA,NA,NA,NA,2,3,NA,NA,NA,NA,NA,NA,NA,NA,NA,NA,NA,NA,NA,NA,0,1,0,4,1000,2,1,Running,NA,0,4444444,1,0,25,0,4444444,1,233891,0,Rejected,KeySequence,49
2020-05-11,11:39:30.3313,KeyDown,NA,NA,NA,NA,NA,NA,NA,NA,2,3,NA,DownArrow,0,0,NA,WrongKey,H,K,50,Mistyped,Fast,Accepted,HKJL,ClosedByDeadzone,0,1,0,4,1000,2,1,Running,NA,0,4444444,1,0,25,0,4444444,1,233891,0,Rejected,KeySequence,50
2020-05-11,11:39:31.0825,KeySequenceStopped,NA,NA,NA,NA,NA,NA,NA,NA,2,3,NA,NA,0.7572682,0.7572682,NA,NA,NA,NA,50,Mistyped,Fast,Accepted,HKJL,ClosedByDeadzone,0,1,0,4,1000,2,1,Running,NA,0,4444444,1,0,25,0,4444444,1,233891,0,Rejected,KeySequence,50
2020-05-11,11:39:31.5088,[gameevent],HookMoved,NA,NA,NA,NA,NA,NA,NA,3,3,NA,NA,NA,NA,NA,NA,NA,NA,NA,NA,NA,NA,NA,NA,0,1,0,4,1000,2,1,Running,NA,0,4444444,1,0,25,0,4444444,1,233891,0,Rejected,KeySequence,50
2020-05-11,11:39:31.5078,KeyDown,NA,NA,NA,NA,NA,NA,NA,NA,3,3,NA,DownArrow,0,0,NA,WrongKey,H,K,51,Mistyped,Fast,Accepted,HKJL,ClosedByDeadzone,0,1,0,4,1000,2,1,Running,NA,0,4444444,1,0,25,0,4444444,1,233891,0,Rejected,KeySequence,51
2020-05-11,11:39:32.2491,KeySequenceStopped,NA,NA,NA,NA,NA,NA,NA,NA,3,3,NA,NA,0.7502086,0.7502086,NA,NA,NA,NA,51,Mistyped,Fast,Accepted,HKJL,ClosedByDeadzone,0,1,0,4,1000,2,1,Running,NA,0,4444444,1,0,25,0,4444444,1,233891,0,Rejected,KeySequence,51
2020-05-11,11:39:33.9575,[gameevent],FishHooked,6,19,19,NA,NA,NA,NA,3,3,NA,NA,NA,NA,NA,NA,NA,NA,NA,NA,NA,NA,NA,NA,0,1,0,4,1000,2,1,Running,NA,0,4444444,1,0,25,0,4444444,1,233891,0,Rejected,KeySequence,51
2020-05-11,11:39:35.9563,InputWindowOpen,NA,6,19,19,NA,NA,NA,NA,3,3,NA,NA,NA,NA,NA,NA,NA,NA,NA,NA,NA,NA,NA,NA,0,1,0,4,1000,2,1,Running,NA,0,4444444,1,0,25,0,4444444,1,233891,0,Rejected,KeySequence,51
2020-05-11,11:39:35.9563,[gameevent],NextTrialStarted,6,19,19,NA,NA,NA,NA,3,3,NA,NA,NA,NA,NA,NA,NA,NA,NA,NA,NA,NA,NA,NA,0,1,0,4,1000,2,1,Running,NA,0,4444444,1,0,25,0,4444444,1,233891,0,Rejected,KeySequence,51
2020-05-11,11:39:36.0342,KeyDown,NA,6,19,19,NA,NA,NA,NA,3,3,NA,H,0,0,0,CorrectKey,H,K,52,Correct,Fast,Accepted,HKJL,ClosedByInputThreshold,0,1,0,4,1000,2,1,Running,NA,0,4444444,1,0,25,0,4444444,1,233891,1,Accepted,KeySequence,52
2020-05-11,11:39:36.2000,KeyDown,NA,6,19,19,NA,NA,NA,NA,3,3,NA,K,0.167181,0.167181,1,CorrectKey,H,K,52,Correct,Fast,Accepted,HKJL,ClosedByInputThreshold,0,1,0,4,1000,2,1,Running,NA,0,4444444,1,0,25,0,4444444,1,233891,1,Accepted,KeySequence,52
2020-05-11,11:39:36.3852,KeyDown,NA,6,19,19,NA,NA,NA,NA,3,3,NA,J,0.3424464,0.1752654,2,CorrectKey,J,None,52,Correct,Fast,Accepted,HKJL,ClosedByInputThreshold,0,1,0,4,1000,2,1,Running,NA,0,4444444,1,0,25,0,4444444,1,233891,1,Accepted,KeySequence,52
2020-05-11,11:39:36.5352,KeyDown,NA,6,19,19,NA,NA,NA,NA,3,3,NA,L,0.4936029,0.1511565,3,CorrectKey,L,None,52,Correct,Fast,Accepted,HKJL,ClosedByInputThreshold,0,1,0,4,1000,2,1,Running,NA,0,4444444,1,0,25,0,4444444,1,233891,1,Accepted,KeySequence,52
2020-05-11,11:39:36.5362,KeySequenceStopped,NA,6,19,19,NA,NA,NA,NA,3,3,NA,NA,0.5114228,0.0178199,NA,NA,NA,NA,52,Correct,Fast,Accepted,HKJL,ClosedByInputThreshold,0,1,0,4,1000,2,1,Running,NA,0,4444444,1,0,25,0,4444444,1,233891,1,Accepted,KeySequence,52
2020-05-11,11:39:36.5362,[gameevent],InputAccepted,6,19,19,NA,NA,NA,NA,3,3,NA,NA,NA,NA,NA,NA,NA,NA,NA,NA,NA,NA,NA,NA,0,1,0,4,1000,2,1,Running,NA,0,4444444,1,0,25,0,4444444,1,233891,1,Accepted,KeySequence,52
2020-05-11,11:39:36.5362,InputWindowClosed,NA,6,19,19,NA,NA,NA,NA,3,3,NA,NA,NA,NA,NA,NA,NA,NA,NA,NA,NA,NA,NA,NA,0,1,0,4,1000,2,1,Running,NA,0,4444444,1,0,25,0,4444444,1,233891,1,Accepted,KeySequence,52
2020-05-11,11:39:36.5362,DecisionAcceptAllInput,NA,6,19,19,NA,NA,NA,NA,3,3,NA,NA,NA,NA,NA,NA,NA,NA,NA,NA,NA,NA,NA,NA,0,1,0,4,1000,2,1,Running,NA,0,4736842,1,0,25,0,4736842,0,8377992,1,Accepted,KeySequence,52
2020-05-11,11:39:36.5372,[gameevent],Feedback,6,19,19,Success,NA,NA,NA,2,3,NA,NA,NA,NA,NA,NA,NA,NA,NA,NA,NA,NA,NA,NA,0,1,0,4,1000,2,1,Running,NA,0,4736842,1,0,25,0,4736842,0,8377992,1,Accepted,KeySequence,52
2020-05-11,11:39:39.2895,InputWindowOpen,NA,6,19,19,NA,NA,NA,NA,2,3,NA,NA,NA,NA,NA,NA,NA,NA,NA,NA,NA,NA,NA,NA,0,1,0,4,1000,2,1,Running,NA,0,4736842,1,0,25,0,4736842,0,8377992,1,Accepted,KeySequence,52
2020-05-11,11:39:39.2904,[gameevent],NextTrialStarted,6,20,20,NA,NA,NA,NA,2,3,NA,NA,NA,NA,NA,NA,NA,NA,NA,NA,NA,NA,NA,NA,0,1,0,4,1000,2,1,Running,NA,0,4736842,1,0,25,0,4736842,0,8377992,1,Accepted,KeySequence,52
2020-05-11,11:39:39.3644,KeyDown,NA,6,20,20,NA,NA,NA,NA,2,3,NA,H,0,0,0,CorrectKey,H,K,53,Correct,Fast,Accepted,HKJL,ClosedByInputThreshold,0,1,0,4,1000,2,1,Running,NA,0,4736842,1,0,25,0,4736842,0,8377992,1,Accepted,KeySequence,53
2020-05-11,11:39:39.5358,KeyDown,NA,6,20,20,NA,NA,NA,NA,2,3,NA,K,0.1680186,0.1680186,1,CorrectKey,H,K,53,Correct,Fast,Accepted,HKJL,ClosedByInputThreshold,0,1,0,4,1000,2,1,Running,NA,0,4736842,1,0,25,0,4736842,0,8377992,1,Accepted,KeySequence,53
2020-05-11,11:39:39.6835,KeyDown,NA,6,20,20,NA,NA,NA,NA,2,3,NA,J,0.3168647,0.1488461,2,CorrectKey,J,None,53,Correct,Fast,Accepted,HKJL,ClosedByInputThreshold,0,1,0,4,1000,2,1,Running,NA,0,4736842,1,0,25,0,4736842,0,8377992,1,Accepted,KeySequence,53
2020-05-11,11:39:39.8402,KeyDown,NA,6,20,20,NA,NA,NA,NA,2,3,NA,L,0.468013,0.1511483,3,CorrectKey,L,None,53,Correct,Fast,Accepted,HKJL,ClosedByInputThreshold,0,1,0,4,1000,2,1,Running,NA,0,4736842,1,0,25,0,4736842,0,8377992,1,Accepted,KeySequence,53
2020-05-11,11:39:39.8402,KeySequenceStopped,NA,6,20,20,NA,NA,NA,NA,2,3,NA,NA,0.4845992,0.0165862,NA,NA,NA,NA,53,Correct,Fast,Accepted,HKJL,ClosedByInputThreshold,0,1,0,4,1000,2,1,Running,NA,0,4736842,1,0,25,0,4736842,0,8377992,1,Accepted,KeySequence,53
2020-05-11,11:39:39.8412,[gameevent],InputAccepted,6,20,20,NA,NA,NA,NA,2,3,NA,NA,NA,NA,NA,NA,NA,NA,NA,NA,NA,NA,NA,NA,0,1,0,4,1000,2,1,Running,NA,0,4736842,1,0,25,0,4736842,0,8377992,1,Accepted,KeySequence,53
2020-05-11,11:39:39.8412,InputWindowClosed,NA,6,20,20,NA,NA,NA,NA,2,3,NA,NA,NA,NA,NA,NA,NA,NA,NA,NA,NA,NA,NA,NA,0,1,0,4,1000,2,1,Running,NA,0,4736842,1,0,25,0,4736842,0,8377992,1,Accepted,KeySequence,53
2020-05-11,11:39:39.8412,DecisionAcceptAllInput,NA,6,20,20,NA,NA,NA,NA,2,3,NA,NA,NA,NA,NA,NA,NA,NA,NA,NA,NA,NA,NA,NA,0,1,0,4,1000,2,1,Running,NA,0,5,1,0,25,0,5,0,9248548,1,Accepted,KeySequence,53
2020-05-11,11:39:39.8422,[gameevent],Feedback,6,20,20,Success,NA,NA,NA,1,3,NA,NA,NA,NA,NA,NA,NA,NA,NA,NA,NA,NA,NA,NA,0,1,0,4,1000,2,1,Running,NA,0,5,1,0,25,0,5,0,9248548,1,Accepted,KeySequence,53
2020-05-11,11:39:42.6062,InputWindowOpen,NA,6,20,20,NA,NA,NA,NA,1,3,NA,NA,NA,NA,NA,NA,NA,NA,NA,NA,NA,NA,NA,NA,0,1,0,4,1000,2,1,Running,NA,0,5,1,0,25,0,5,0,9248548,1,Accepted,KeySequence,53
2020-05-11,11:39:42.6072,[gameevent],NextTrialStarted,6,21,21,NA,NA,NA,NA,1,3,NA,NA,NA,NA,NA,NA,NA,NA,NA,NA,NA,NA,NA,NA,0,1,0,4,1000,2,1,Running,NA,0,5,1,0,25,0,5,0,9248548,1,Accepted,KeySequence,53
2020-05-11,11:39:42.6646,KeyDown,NA,6,21,21,NA,NA,NA,NA,1,3,NA,H,0,0,0,CorrectKey,H,K,54,Correct,Fast,Accepted,HKJL,ClosedByInputThreshold,0,1,0,4,1000,2,1,Running,NA,0,5,1,0,25,0,5,0,9248548,1,Accepted,KeySequence,54
2020-05-11,11:39:42.8394,KeyDown,NA,6,21,21,NA,NA,NA,NA,1,3,NA,K,0.1650585,0.1650585,1,CorrectKey,H,K,54,Correct,Fast,Accepted,HKJL,ClosedByInputThreshold,0,1,0,4,1000,2,1,Running,NA,0,5,1,0,25,0,5,0,9248548,1,Accepted,KeySequence,54
2020-05-11,11:39:42.9719,KeyDown,NA,6,21,21,NA,NA,NA,NA,1,3,NA,J,0.2989633,0.1339048,2,CorrectKey,J,None,54,Correct,Fast,Accepted,HKJL,ClosedByInputThreshold,0,1,0,4,1000,2,1,Running,NA,0,5,1,0,25,0,5,0,9248548,1,Accepted,KeySequence,54
2020-05-11,11:39:43.1571,KeyDown,NA,6,21,21,NA,NA,NA,NA,1,3,NA,L,0.490452,0.1914887,3,CorrectKey,L,None,54,Correct,Fast,Accepted,HKJL,ClosedByInputThreshold,0,1,0,4,1000,2,1,Running,NA,0,5,1,0,25,0,5,0,9248548,1,Accepted,KeySequence,54
2020-05-11,11:39:43.1581,KeySequenceStopped,NA,6,21,21,NA,NA,NA,NA,1,3,NA,NA,0.5008912,0.0104392,NA,NA,NA,NA,54,Correct,Fast,Accepted,HKJL,ClosedByInputThreshold,0,1,0,4,1000,2,1,Running,NA,0,5,1,0,25,0,5,0,9248548,1,Accepted,KeySequence,54
2020-05-11,11:39:43.1592,[gameevent],InputAccepted,6,21,21,NA,NA,NA,NA,1,3,NA,NA,NA,NA,NA,NA,NA,NA,NA,NA,NA,NA,NA,NA,0,1,0,4,1000,2,1,Running,NA,0,5,1,0,25,0,5,0,9248548,1,Accepted,KeySequence,54
2020-05-11,11:39:43.6138,InputWindowClosed,NA,6,21,21,NA,NA,NA,NA,1,3,NA,NA,NA,NA,NA,NA,NA,NA,NA,NA,NA,NA,NA,NA,0,1,0,4,1000,2,1,Running,NA,0,5,1,0,25,0,5,0,9248548,1,Accepted,KeySequence,54
2020-05-11,11:39:43.6148,[gameevent],Feedback,6,21,21,Failure,NA,NA,NA,1,2,NA,NA,NA,NA,NA,NA,NA,NA,NA,NA,NA,NA,NA,NA,0,1,0,4,1000,2,1,Running,NA,0,5,1,0,25,0,5,0,9248548,1,Accepted,KeySequence,54
2020-05-11,11:39:43.6148,DecisionRejectAllInput,NA,6,21,21,NA,NA,NA,NA,1,2,NA,NA,NA,NA,NA,NA,NA,NA,NA,NA,NA,NA,NA,NA,0,1,0,4,1000,2,1,Running,NA,0,4761905,1,0,25,0,4761905,1,034214,1,Accepted,KeySequence,54
2020-05-11,11:39:46.3802,InputWindowOpen,NA,6,21,21,NA,NA,NA,NA,1,2,NA,NA,NA,NA,NA,NA,NA,NA,NA,NA,NA,NA,NA,NA,0,1,0,4,1000,2,1,Running,NA,0,4761905,1,0,25,0,4761905,1,034214,1,Accepted,KeySequence,54
2020-05-11,11:39:46.3802,[gameevent],NextTrialStarted,6,22,22,NA,NA,NA,NA,1,2,NA,NA,NA,NA,NA,NA,NA,NA,NA,NA,NA,NA,NA,NA,0,1,0,4,1000,2,1,Running,NA,0,4761905,1,0,25,0,4761905,1,034214,1,Accepted,KeySequence,54
2020-05-11,11:39:46.4149,KeyDown,NA,6,22,22,NA,NA,NA,NA,1,2,NA,H,0,0,0,CorrectKey,H,K,55,Correct,Fast,Accepted,HKJL,ClosedByInputThreshold,0,1,0,4,1000,2,1,Running,NA,0,4761905,1,0,25,0,4761905,1,034214,1,Accepted,KeySequence,55
2020-05-11,11:39:46.6374,KeyDown,NA,6,22,22,NA,NA,NA,NA,1,2,NA,K,0.217036,0.217036,1,CorrectKey,H,K,55,Correct,Fast,Accepted,HKJL,ClosedByInputThreshold,0,1,0,4,1000,2,1,Running,NA,0,4761905,1,0,25,0,4761905,1,034214,1,Accepted,KeySequence,55
2020-05-11,11:39:46.7749,KeyDown,NA,6,22,22,NA,NA,NA,NA,1,2,NA,J,0.3590088,0.1419728,2,CorrectKey,J,None,55,Correct,Fast,Accepted,HKJL,ClosedByInputThreshold,0,1,0,4,1000,2,1,Running,NA,0,4761905,1,0,25,0,4761905,1,034214,1,Accepted,KeySequence,55
2020-05-11,11:39:46.9488,KeyDown,NA,6,22,22,NA,NA,NA,NA,1,2,NA,L,0.5324664,0.1734576,3,CorrectKey,L,None,55,Correct,Fast,Accepted,HKJL,ClosedByInputThreshold,0,1,0,4,1000,2,1,Running,NA,0,4761905,1,0,25,0,4761905,1,034214,1,Accepted,KeySequence,55
2020-05-11,11:39:46.9488,KeySequenceStopped,NA,6,22,22,NA,NA,NA,NA,1,2,NA,NA,0.5437932,0.0113268,NA,NA,NA,NA,55,Correct,Fast,Accepted,HKJL,ClosedByInputThreshold,0,1,0,4,1000,2,1,Running,NA,0,4761905,1,0,25,0,4761905,1,034214,1,Accepted,KeySequence,55
2020-05-11,11:39:46.9507,[gameevent],InputAccepted,6,22,22,NA,NA,NA,NA,1,2,NA,NA,NA,NA,NA,NA,NA,NA,NA,NA,NA,NA,NA,NA,0,1,0,4,1000,2,1,Running,NA,0,4761905,1,0,25,0,4761905,1,034214,1,Accepted,KeySequence,55
2020-05-11,11:39:46.9507,InputWindowClosed,NA,6,22,22,NA,NA,NA,NA,1,2,NA,NA,NA,NA,NA,NA,NA,NA,NA,NA,NA,NA,NA,NA,0,1,0,4,1000,2,1,Running,NA,0,4761905,1,0,25,0,4761905,1,034214,1,Accepted,KeySequence,55
2020-05-11,11:39:46.9507,DecisionAcceptAllInput,NA,6,22,22,NA,NA,NA,NA,1,2,NA,NA,NA,NA,NA,NA,NA,NA,NA,NA,NA,NA,NA,NA,0,1,0,4,1000,2,1,Running,NA,0,5,1,0,25,0,5,1,136177,1,Accepted,KeySequence,55
2020-05-11,11:39:46.9507,[gameevent],Feedback,6,22,22,Success,NA,NA,NA,0,3,NA,NA,NA,NA,NA,NA,NA,NA,NA,NA,NA,NA,NA,NA,0,1,0,4,1000,2,1,Running,NA,0,5,1,0,25,0,5,1,136177,1,Accepted,KeySequence,55
2020-05-11,11:39:49.2469,[gameevent],BlockEnded,6,22,22,NA,Win,4,2,NA,NA,L - Brown Bullhead Catfish,NA,NA,NA,NA,NA,NA,NA,NA,NA,NA,NA,NA,NA,0,1,0,4,1000,2,1,Running,NA,0,5,1,0,25,0,5,1,136177,1,Accepted,KeySequence,55
2020-05-11,11:39:52.2465,Stopped,NA,NA,NA,NA,NA,NA,NA,NA,NA,NA,NA,NA,NA,NA,NA,NA,NA,NA,NA,NA,NA,NA,NA,NA,0,1,0,4,1000,2,1,Stopped,NA,0,5,1,0,25,0,5,1,136177,1,Accepted,KeySequence,55
