Date,Timestamp,Condition,Order,Event,NarrativeEvent,InputBlockNo,InputNo,TrialNumber,FeedbackType,BlockResult,WinCount,LossCount,Lane,Column,FishType,KeyCode,SequenceTime_ms,TimeSinceLastKey_ms,KeyOrder,KeyType,ExpectedKey1,ExpectedKey2,SequenceNumber,SequenceComposition,SequenceSpeed,SequenceValidity,SequenceType,SequenceWindowClosure,TargetFabInputRate,TargetRecognitionRate,StartPolicyReview,Trials,InterTrialIntervalSeconds,InputWindowSeconds,GameState,GamePolicy,CurrentRecognitionRate,FabAlarmFixationPoint,FabAlarmVariability,CurrentFabRate,CurrentFabAlarm,InputConfidence,InputValidity,InputType,InputNumber,
2020-05-07,09:25:05.7918,1,1,Running,NA,NA,NA,NA,NA,NA,NA,NA,NA,NA,NA,NA,NA,NA,NA,NA,NA,NA,NA,NA,NA,NA,NA,NA,0,1,0.4,1000,2,1,Running,NA,NA,1,0.25,NA,NA,NA,NA,NA,NA,
2020-05-07,09:25:05.7968,1,1,[gameevent],HookMoved,NA,NA,NA,NA,NA,NA,NA,1,3,NA,NA,NA,NA,NA,NA,NA,NA,NA,NA,NA,NA,NA,NA,0,1,0.4,1000,2,1,Running,NA,NA,1,0.25,NA,NA,NA,NA,NA,NA,
2020-05-07,09:25:05.7848,1,1,KeyDown,NA,NA,NA,NA,NA,NA,NA,NA,NA,NA,NA,DownArrow,0,0,NA,WrongKey,H,K,0,Mistyped,Fast,Accepted,HKJL,ClosedByDeadzone,0,1,0.4,1000,2,1,Running,NA,NA,1,0.25,NA,NA,0,Rejected,KeySequence,0,
2020-05-07,09:25:06.5313,1,1,KeySequenceStopped,NA,NA,NA,NA,NA,NA,NA,NA,NA,NA,NA,NA,0.7570762,0.7570762,NA,NA,NA,NA,0,Mistyped,Fast,Accepted,HKJL,ClosedByDeadzone,0,1,0.4,1000,2,1,Running,NA,NA,1,0.25,NA,NA,0,Rejected,KeySequence,0,
2020-05-07,09:25:09.4674,1,1,[gameevent],HookMoved,NA,NA,NA,NA,NA,NA,NA,2,3,NA,NA,NA,NA,NA,NA,NA,NA,NA,NA,NA,NA,NA,NA,0,1,0.4,1000,2,1,Running,NA,NA,1,0.25,NA,NA,0,Rejected,KeySequence,0,
2020-05-07,09:25:09.4674,1,1,KeyDown,NA,NA,NA,NA,NA,NA,NA,NA,NA,NA,NA,DownArrow,0,0,NA,WrongKey,H,K,1,Mistyped,Fast,Accepted,HKJL,ClosedByDeadzone,0,1,0.4,1000,2,1,Running,NA,NA,1,0.25,NA,NA,0,Rejected,KeySequence,1,
2020-05-07,09:25:10.2174,1,1,KeySequenceStopped,NA,NA,NA,NA,NA,NA,NA,NA,NA,NA,NA,NA,0.7568663,0.7568663,NA,NA,NA,NA,1,Mistyped,Fast,Accepted,HKJL,ClosedByDeadzone,0,1,0.4,1000,2,1,Running,NA,NA,1,0.25,NA,NA,0,Rejected,KeySequence,1,
2020-05-07,09:25:10.5990,1,1,[gameevent],HookMoved,NA,NA,NA,NA,NA,NA,NA,3,3,NA,NA,NA,NA,NA,NA,NA,NA,NA,NA,NA,NA,NA,NA,0,1,0.4,1000,2,1,Running,NA,NA,1,0.25,NA,NA,0,Rejected,KeySequence,1,
2020-05-07,09:25:10.5990,1,1,KeyDown,NA,NA,NA,NA,NA,NA,NA,NA,NA,NA,NA,DownArrow,0,0,NA,WrongKey,H,K,2,Mistyped,Fast,Accepted,HKJL,ClosedByDeadzone,0,1,0.4,1000,2,1,Running,NA,NA,1,0.25,NA,NA,0,Rejected,KeySequence,2,
2020-05-07,09:25:11.3494,1,1,KeySequenceStopped,NA,NA,NA,NA,NA,NA,NA,NA,NA,NA,NA,NA,0.7569159,0.7569159,NA,NA,NA,NA,2,Mistyped,Fast,Accepted,HKJL,ClosedByDeadzone,0,1,0.4,1000,2,1,Running,NA,NA,1,0.25,NA,NA,0,Rejected,KeySequence,2,
2020-05-07,09:25:12.5801,1,1,[gameevent],FishHooked,NA,NA,NA,NA,NA,NA,NA,3,3,NA,NA,NA,NA,NA,NA,NA,NA,NA,NA,NA,NA,NA,NA,0,1,0.4,1000,2,1,Running,NA,NA,1,0.25,NA,NA,0,Rejected,KeySequence,2,
2020-05-07,09:25:14.5719,1,1,InputWindowOpen,NA,NA,NA,NA,NA,NA,NA,NA,NA,NA,NA,NA,NA,NA,NA,NA,NA,NA,NA,NA,NA,NA,NA,NA,0,1,0.4,1000,2,1,Running,NA,NA,1,0.25,NA,NA,0,Rejected,KeySequence,2,
2020-05-07,09:25:15.5722,1,1,InputWindowClosed,NA,NA,NA,NA,NA,NA,NA,NA,NA,NA,NA,NA,NA,NA,NA,NA,NA,NA,NA,NA,NA,NA,NA,NA,0,1,0.4,1000,2,1,Running,NA,NA,1,0.25,NA,NA,0,Rejected,KeySequence,2,
2020-05-07,09:25:15.5722,1,1,[gameevent],NoInputAccepted,1,0,1,Rejected,NA,NA,NA,3,3,NA,NA,NA,NA,NA,NA,NA,NA,NA,NA,NA,NA,NA,NA,0,1,0.4,1000,2,1,Running,NA,NA,1,0.25,NA,NA,0,Rejected,KeySequence,2,
2020-05-07,09:25:15.5732,1,1,DecisionRejectAllInput,NA,1,NA,NA,NA,NA,NA,NA,NA,NA,NA,NA,NA,NA,NA,NA,NA,NA,NA,NA,NA,NA,NA,NA,0,1,0.4,1000,2,1,Running,NA,0,1,0.25,0,0.8270655,0,Rejected,KeySequence,2,
2020-05-07,09:25:14.5988,1,1,KeyDown,NA,1,NA,NA,NA,NA,NA,NA,NA,NA,NA,H,0,0,0,CorrectKey,H,K,3,Correct,Slow,Rejected,HKJL,ClosedByDeadzone,0,1,0.4,1000,2,1,Running,NA,0,1,0.25,0,0.8270655,0,Rejected,KeySequence,3,
2020-05-07,09:25:14.7245,1,1,KeyDown,NA,1,NA,NA,NA,NA,NA,NA,NA,NA,NA,K,0.1248647,0.1248647,1,CorrectKey,H,K,3,Correct,Slow,Rejected,HKJL,ClosedByDeadzone,0,1,0.4,1000,2,1,Running,NA,0,1,0.25,0,0.8270655,0,Rejected,KeySequence,3,
2020-05-07,09:25:14.9110,1,1,KeyDown,NA,1,NA,NA,NA,NA,NA,NA,NA,NA,NA,J,0.3123262,0.1874614,2,CorrectKey,J,None,3,Correct,Slow,Rejected,HKJL,ClosedByDeadzone,0,1,0.4,1000,2,1,Running,NA,0,1,0.25,0,0.8270655,0,Rejected,KeySequence,3,
2020-05-07,09:25:15.1344,1,1,KeyDown,NA,1,NA,NA,NA,NA,NA,NA,NA,NA,NA,L,0.5346767,0.2223505,3,CorrectKey,L,None,3,Correct,Slow,Rejected,HKJL,ClosedByDeadzone,0,1,0.4,1000,2,1,Running,NA,0,1,0.25,0,0.8270655,0,Rejected,KeySequence,3,
2020-05-07,09:25:15.1344,1,1,KeyDown,NA,1,NA,NA,NA,NA,NA,NA,NA,NA,NA,BackQuote,0.5346767,0,NA,WrongKey,NA,NA,3,Correct,Slow,Rejected,HKJL,ClosedByDeadzone,0,1,0.4,1000,2,1,Running,NA,0,1,0.25,0,0.8270655,0,Rejected,KeySequence,3,
2020-05-07,09:25:15.2381,1,1,KeyDown,NA,1,NA,NA,NA,NA,NA,NA,NA,NA,NA,J,0.6389148,0.104238,NA,WrongKey,NA,NA,3,Correct,Slow,Rejected,HKJL,ClosedByDeadzone,0,1,0.4,1000,2,1,Running,NA,0,1,0.25,0,0.8270655,0,Rejected,KeySequence,3,
2020-05-07,09:25:15.9881,1,1,KeySequenceStopped,NA,1,NA,NA,NA,NA,NA,NA,NA,NA,NA,NA,1.395778,0.7568632,NA,NA,NA,NA,3,Correct,Slow,Rejected,HKJL,ClosedByDeadzone,0,1,0.4,1000,2,1,Running,NA,0,1,0.25,0,0.8270655,0,Rejected,KeySequence,3,
2020-05-07,09:25:17.5787,1,1,InputWindowOpen,NA,1,NA,NA,NA,NA,NA,NA,NA,NA,NA,NA,NA,NA,NA,NA,NA,NA,NA,NA,NA,NA,NA,NA,0,1,0.4,1000,2,1,Running,NA,0,1,0.25,0,0.8270655,0,Rejected,KeySequence,3,
2020-05-07,09:25:16.4120,1,1,KeyDown,NA,1,NA,NA,NA,NA,NA,NA,NA,NA,NA,H,0,0,0,CorrectKey,H,K,4,Mistyped,Slow,Rejected,HKJL,ClosedByDeadzone,0,1,0.4,1000,2,1,Running,NA,0,1,0.25,0,0.8270655,0,Rejected,KeySequence,4,
2020-05-07,09:25:16.7791,1,1,KeyDown,NA,1,NA,NA,NA,NA,NA,NA,NA,NA,NA,L,0.3681073,0.3681073,NA,WrongKey,H,K,4,Mistyped,Slow,Rejected,HKJL,ClosedByDeadzone,0,1,0.4,1000,2,1,Running,NA,0,1,0.25,0,0.8270655,0,Rejected,KeySequence,4,
2020-05-07,09:25:16.9812,1,1,KeyDown,NA,1,NA,NA,NA,NA,NA,NA,NA,NA,NA,J,0.5696468,0.2015396,2,CorrectKey,J,None,4,Mistyped,Slow,Rejected,HKJL,ClosedByDeadzone,0,1,0.4,1000,2,1,Running,NA,0,1,0.25,0,0.8270655,0,Rejected,KeySequence,4,
2020-05-07,09:25:17.7313,1,1,KeySequenceStopped,NA,1,NA,NA,NA,NA,NA,NA,NA,NA,NA,NA,1.326401,0.7567545,NA,NA,NA,NA,4,Mistyped,Slow,Rejected,HKJL,ClosedByDeadzone,0,1,0.4,1000,2,1,Running,NA,0,1,0.25,0,0.8270655,0,Rejected,KeySequence,4,
2020-05-07,09:25:17.8979,1,1,KeyDown,NA,1,NA,NA,NA,NA,NA,NA,NA,NA,NA,H,0,0,0,CorrectKey,H,K,5,Correct,Fast,Accepted,HKJL,ClosedByInputThreshold,0,1,0.4,1000,2,1,Running,NA,0,1,0.25,0,0.8270655,1,Accepted,KeySequence,5,
2020-05-07,09:25:18.0644,1,1,KeyDown,NA,1,NA,NA,NA,NA,NA,NA,NA,NA,NA,L,0.1667926,0.1667926,NA,WrongKey,H,K,5,Correct,Fast,Accepted,HKJL,ClosedByInputThreshold,0,1,0.4,1000,2,1,Running,NA,0,1,0.25,0,0.8270655,1,Accepted,KeySequence,5,
2020-05-07,09:25:18.1472,1,1,KeyDown,NA,1,NA,NA,NA,NA,NA,NA,NA,NA,NA,J,0.2500482,0.0832556,2,CorrectKey,J,None,5,Correct,Fast,Accepted,HKJL,ClosedByInputThreshold,0,1,0.4,1000,2,1,Running,NA,0,1,0.25,0,0.8270655,1,Accepted,KeySequence,5,
2020-05-07,09:25:18.3349,1,1,KeyDown,NA,1,NA,NA,NA,NA,NA,NA,NA,NA,NA,BackQuote,0.4375581,0.1875099,NA,WrongKey,L,None,5,Correct,Fast,Accepted,HKJL,ClosedByInputThreshold,0,1,0.4,1000,2,1,Running,NA,0,1,0.25,0,0.8270655,1,Accepted,KeySequence,5,
2020-05-07,09:25:18.3349,1,1,KeySequenceStopped,NA,1,NA,NA,NA,NA,NA,NA,NA,NA,NA,NA,0.4445502,0.0069921,NA,NA,NA,NA,5,Correct,Fast,Accepted,HKJL,ClosedByInputThreshold,0,1,0.4,1000,2,1,Running,NA,0,1,0.25,0,0.8270655,1,Accepted,KeySequence,5,
2020-05-07,09:25:18.3359,1,1,[gameevent],InputAccepted,1,NA,NA,NA,NA,NA,NA,3,3,NA,NA,NA,NA,NA,NA,NA,NA,NA,NA,NA,NA,NA,NA,0,1,0.4,1000,2,1,Running,NA,0,1,0.25,0,0.8270655,1,Accepted,KeySequence,5,
2020-05-07,09:25:18.3359,1,1,InputWindowClosed,NA,1,NA,NA,NA,NA,NA,NA,NA,NA,NA,NA,NA,NA,NA,NA,NA,NA,NA,NA,NA,NA,NA,NA,0,1,0.4,1000,2,1,Running,NA,0,1,0.25,0,0.8270655,1,Accepted,KeySequence,5,
2020-05-07,09:25:18.3359,1,1,DecisionAcceptAllInput,NA,1,NA,NA,NA,NA,NA,NA,NA,NA,NA,NA,NA,NA,NA,NA,NA,NA,NA,NA,NA,NA,NA,NA,0,1,0.4,1000,2,1,Running,NA,0.5,1,0.25,0.5,1.011405,1,Accepted,KeySequence,5,
2020-05-07,09:25:18.3359,1,1,[gameevent],Feedback,1,1,2,Success,NA,NA,NA,2,3,NA,NA,NA,NA,NA,NA,NA,NA,NA,NA,NA,NA,NA,NA,0,1,0.4,1000,2,1,Running,NA,0.5,1,0.25,0.5,1.011405,1,Accepted,KeySequence,5,
2020-05-07,09:25:21.0992,1,1,InputWindowOpen,NA,1,NA,NA,NA,NA,NA,NA,NA,NA,NA,NA,NA,NA,NA,NA,NA,NA,NA,NA,NA,NA,NA,NA,0,1,0.4,1000,2,1,Running,NA,0.5,1,0.25,0.5,1.011405,1,Accepted,KeySequence,5,
2020-05-07,09:25:21.2448,1,1,KeyDown,NA,1,NA,NA,NA,NA,NA,NA,NA,NA,NA,H,0,0,0,CorrectKey,H,K,6,Correct,Fast,Accepted,HKJL,ClosedByInputThreshold,0,1,0.4,1000,2,1,Running,NA,0.5,1,0.25,0.5,1.011405,1,Accepted,KeySequence,6,
2020-05-07,09:25:21.3625,1,1,KeyDown,NA,1,NA,NA,NA,NA,NA,NA,NA,NA,NA,L,0.117964,0.117964,NA,WrongKey,H,K,6,Correct,Fast,Accepted,HKJL,ClosedByInputThreshold,0,1,0.4,1000,2,1,Running,NA,0.5,1,0.25,0.5,1.011405,1,Accepted,KeySequence,6,
2020-05-07,09:25:21.4603,1,1,KeyDown,NA,1,NA,NA,NA,NA,NA,NA,NA,NA,NA,J,0.2151453,0.09718131,2,CorrectKey,J,None,6,Correct,Fast,Accepted,HKJL,ClosedByInputThreshold,0,1,0.4,1000,2,1,Running,NA,0.5,1,0.25,0.5,1.011405,1,Accepted,KeySequence,6,
2020-05-07,09:25:21.6199,1,1,KeyDown,NA,1,NA,NA,NA,NA,NA,NA,NA,NA,NA,BackQuote,0.3748635,0.1597181,NA,WrongKey,L,None,6,Correct,Fast,Accepted,HKJL,ClosedByInputThreshold,0,1,0.4,1000,2,1,Running,NA,0.5,1,0.25,0.5,1.011405,1,Accepted,KeySequence,6,
2020-05-07,09:25:21.6199,1,1,KeySequenceStopped,NA,1,NA,NA,NA,NA,NA,NA,NA,NA,NA,NA,0.3819038,0.0070403,NA,NA,NA,NA,6,Correct,Fast,Accepted,HKJL,ClosedByInputThreshold,0,1,0.4,1000,2,1,Running,NA,0.5,1,0.25,0.5,1.011405,1,Accepted,KeySequence,6,
2020-05-07,09:25:21.6199,1,1,[gameevent],InputAccepted,1,NA,NA,NA,NA,NA,NA,2,3,NA,NA,NA,NA,NA,NA,NA,NA,NA,NA,NA,NA,NA,NA,0,1,0.4,1000,2,1,Running,NA,0.5,1,0.25,0.5,1.011405,1,Accepted,KeySequence,6,
2020-05-07,09:25:21.6199,1,1,InputWindowClosed,NA,1,NA,NA,NA,NA,NA,NA,NA,NA,NA,NA,NA,NA,NA,NA,NA,NA,NA,NA,NA,NA,NA,NA,0,1,0.4,1000,2,1,Running,NA,0.5,1,0.25,0.5,1.011405,1,Accepted,KeySequence,6,
2020-05-07,09:25:21.6199,1,1,DecisionAcceptAllInput,NA,1,NA,NA,NA,NA,NA,NA,NA,NA,NA,NA,NA,NA,NA,NA,NA,NA,NA,NA,NA,NA,NA,NA,0,1,0.4,1000,2,1,Running,NA,0.6666667,1,0.25,0.6666667,0.9607346,1,Accepted,KeySequence,6,
2020-05-07,09:25:21.6199,1,1,[gameevent],Feedback,1,2,3,Success,NA,NA,NA,1,3,NA,NA,NA,NA,NA,NA,NA,NA,NA,NA,NA,NA,NA,NA,0,1,0.4,1000,2,1,Running,NA,0.6666667,1,0.25,0.6666667,0.9607346,1,Accepted,KeySequence,6,
2020-05-07,09:25:24.3907,1,1,InputWindowOpen,NA,1,NA,NA,NA,NA,NA,NA,NA,NA,NA,NA,NA,NA,NA,NA,NA,NA,NA,NA,NA,NA,NA,NA,0,1,0.4,1000,2,1,Running,NA,0.6666667,1,0.25,0.6666667,0.9607346,1,Accepted,KeySequence,6,
2020-05-07,09:25:24.4601,1,1,KeyDown,NA,1,NA,NA,NA,NA,NA,NA,NA,NA,NA,H,0,0,0,CorrectKey,H,K,7,Correct,Fast,Accepted,HKJL,ClosedByInputThreshold,0,1,0.4,1000,2,1,Running,NA,0.6666667,1,0.25,0.6666667,0.9607346,1,Accepted,KeySequence,7,
2020-05-07,09:25:24.5579,1,1,KeyDown,NA,1,NA,NA,NA,NA,NA,NA,NA,NA,NA,L,0.0972417,0.0972417,NA,WrongKey,H,K,7,Correct,Fast,Accepted,HKJL,ClosedByInputThreshold,0,1,0.4,1000,2,1,Running,NA,0.6666667,1,0.25,0.6666667,0.9607346,1,Accepted,KeySequence,7,
2020-05-07,09:25:24.6474,1,1,KeyDown,NA,1,NA,NA,NA,NA,NA,NA,NA,NA,NA,J,0.1875014,0.0902597,2,CorrectKey,J,None,7,Correct,Fast,Accepted,HKJL,ClosedByInputThreshold,0,1,0.4,1000,2,1,Running,NA,0.6666667,1,0.25,0.6666667,0.9607346,1,Accepted,KeySequence,7,
2020-05-07,09:25:24.7651,1,1,KeyDown,NA,1,NA,NA,NA,NA,NA,NA,NA,NA,NA,BackQuote,0.3055075,0.118006,NA,WrongKey,L,None,7,Correct,Fast,Accepted,HKJL,ClosedByInputThreshold,0,1,0.4,1000,2,1,Running,NA,0.6666667,1,0.25,0.6666667,0.9607346,1,Accepted,KeySequence,7,
2020-05-07,09:25:24.7661,1,1,KeySequenceStopped,NA,1,NA,NA,NA,NA,NA,NA,NA,NA,NA,NA,0.3125336,0.0070261,NA,NA,NA,NA,7,Correct,Fast,Accepted,HKJL,ClosedByInputThreshold,0,1,0.4,1000,2,1,Running,NA,0.6666667,1,0.25,0.6666667,0.9607346,1,Accepted,KeySequence,7,
2020-05-07,09:25:24.7661,1,1,[gameevent],InputAccepted,1,NA,NA,NA,NA,NA,NA,1,3,NA,NA,NA,NA,NA,NA,NA,NA,NA,NA,NA,NA,NA,NA,0,1,0.4,1000,2,1,Running,NA,0.6666667,1,0.25,0.6666667,0.9607346,1,Accepted,KeySequence,7,
2020-05-07,09:25:25.3974,1,1,InputWindowClosed,NA,1,NA,NA,NA,NA,NA,NA,NA,NA,NA,NA,NA,NA,NA,NA,NA,NA,NA,NA,NA,NA,NA,NA,0,1,0.4,1000,2,1,Running,NA,0.6666667,1,0.25,0.6666667,0.9607346,1,Accepted,KeySequence,7,
2020-05-07,09:25:25.3984,1,1,[gameevent],Feedback,1,3,4,Failure,NA,NA,NA,1,2,NA,NA,NA,NA,NA,NA,NA,NA,NA,NA,NA,NA,NA,NA,0,1,0.4,1000,2,1,Running,NA,0.6666667,1,0.25,0.6666667,0.9607346,1,Accepted,KeySequence,7,
2020-05-07,09:25:25.3984,1,1,DecisionRejectAllInput,NA,1,NA,NA,NA,NA,NA,NA,NA,NA,NA,NA,NA,NA,NA,NA,NA,NA,NA,NA,NA,NA,NA,NA,0,1,0.4,1000,2,1,Running,NA,0.5,1,0.25,0.5,0.8261554,1,Accepted,KeySequence,7,
2020-05-07,09:25:28.1692,1,1,InputWindowOpen,NA,1,NA,NA,NA,NA,NA,NA,NA,NA,NA,NA,NA,NA,NA,NA,NA,NA,NA,NA,NA,NA,NA,NA,0,1,0.4,1000,2,1,Running,NA,0.5,1,0.25,0.5,0.8261554,1,Accepted,KeySequence,7,
2020-05-07,09:25:28.0784,1,1,KeyDown,NA,1,NA,NA,NA,NA,NA,NA,NA,NA,NA,H,0,0,0,CorrectKey,H,K,8,Correct,Fast,Accepted,HKJL,ClosedByInputThreshold,0,1,0.4,1000,2,1,Running,NA,0.5,1,0.25,0.5,0.8261554,1,Accepted,KeySequence,8,
2020-05-07,09:25:28.2101,1,1,KeyDown,NA,1,NA,NA,NA,NA,NA,NA,NA,NA,NA,L,0.131915,0.131915,NA,WrongKey,H,K,8,Correct,Fast,Accepted,HKJL,ClosedByInputThreshold,0,1,0.4,1000,2,1,Running,NA,0.5,1,0.25,0.5,0.8261554,1,Accepted,KeySequence,8,
2020-05-07,09:25:28.2869,1,1,KeyDown,NA,1,NA,NA,NA,NA,NA,NA,NA,NA,NA,J,0.2083995,0.07648449,2,CorrectKey,J,None,8,Correct,Fast,Accepted,HKJL,ClosedByInputThreshold,0,1,0.4,1000,2,1,Running,NA,0.5,1,0.25,0.5,0.8261554,1,Accepted,KeySequence,8,
2020-05-07,09:25:28.4185,1,1,KeyDown,NA,1,NA,NA,NA,NA,NA,NA,NA,NA,NA,BackQuote,0.3402271,0.1318276,NA,WrongKey,L,None,8,Correct,Fast,Accepted,HKJL,ClosedByInputThreshold,0,1,0.4,1000,2,1,Running,NA,0.5,1,0.25,0.5,0.8261554,1,Accepted,KeySequence,8,
2020-05-07,09:25:28.4185,1,1,KeySequenceStopped,NA,1,NA,NA,NA,NA,NA,NA,NA,NA,NA,NA,0.34729,0.0070629,NA,NA,NA,NA,8,Correct,Fast,Accepted,HKJL,ClosedByInputThreshold,0,1,0.4,1000,2,1,Running,NA,0.5,1,0.25,0.5,0.8261554,1,Accepted,KeySequence,8,
2020-05-07,09:25:28.4185,1,1,[gameevent],InputAccepted,1,NA,NA,NA,NA,NA,NA,1,2,NA,NA,NA,NA,NA,NA,NA,NA,NA,NA,NA,NA,NA,NA,0,1,0.4,1000,2,1,Running,NA,0.5,1,0.25,0.5,0.8261554,1,Accepted,KeySequence,8,
2020-05-07,09:25:28.4185,1,1,InputWindowClosed,NA,1,NA,NA,NA,NA,NA,NA,NA,NA,NA,NA,NA,NA,NA,NA,NA,NA,NA,NA,NA,NA,NA,NA,0,1,0.4,1000,2,1,Running,NA,0.5,1,0.25,0.5,0.8261554,1,Accepted,KeySequence,8,
2020-05-07,09:25:28.4185,1,1,DecisionAcceptAllInput,NA,1,NA,NA,NA,NA,NA,NA,NA,NA,NA,NA,NA,NA,NA,NA,NA,NA,NA,NA,NA,NA,NA,NA,0,1,0.4,1000,2,1,Running,NA,0.6,1,0.25,0.6,0.7953866,1,Accepted,KeySequence,8,
2020-05-07,09:25:28.4195,1,1,[gameevent],Feedback,1,4,5,Success,NA,NA,NA,0,3,NA,NA,NA,NA,NA,NA,NA,NA,NA,NA,NA,NA,NA,NA,0,1,0.4,1000,2,1,Running,NA,0.6,1,0.25,0.6,0.7953866,1,Accepted,KeySequence,8,
2020-05-07,09:25:30.7173,1,1,[gameevent],BlockEnded,1,4,5,Success,Win,1,0,0,3,L - Flathead Catfish (UnityEngine.Sprite),NA,NA,NA,NA,NA,NA,NA,NA,NA,NA,NA,NA,NA,0,1,0.4,1000,2,1,Running,NA,0.6,1,0.25,0.6,0.7953866,1,Accepted,KeySequence,8,
2020-05-07,09:25:35.9673,1,1,[gameevent],HookMoved,1,4,5,Success,Win,1,0,1,3,L - Flathead Catfish (UnityEngine.Sprite),NA,NA,NA,NA,NA,NA,NA,NA,NA,NA,NA,NA,NA,0,1,0.4,1000,2,1,Running,NA,0.6,1,0.25,0.6,0.7953866,1,Accepted,KeySequence,8,
2020-05-07,09:25:35.9673,1,1,KeyDown,NA,1,NA,NA,NA,NA,NA,NA,NA,NA,NA,DownArrow,0,0,NA,WrongKey,H,K,9,Correct,Slow,Accepted,HKJL,ClosedByInputThreshold,0,1,0.4,1000,2,1,Running,NA,0.6,1,0.25,0.6,0.7953866,1,Accepted,KeySequence,9,
2020-05-07,09:25:36.3903,1,1,KeyDown,NA,1,NA,NA,NA,NA,NA,NA,NA,NA,NA,DownArrow,0.4236235,0.4236235,NA,WrongKey,H,K,9,Correct,Slow,Accepted,HKJL,ClosedByInputThreshold,0,1,0.4,1000,2,1,Running,NA,0.6,1,0.25,0.6,0.7953866,1,Accepted,KeySequence,9,
2020-05-07,09:25:37.1402,1,1,KeyDown,NA,1,NA,NA,NA,NA,NA,NA,NA,NA,NA,DownArrow,1.173543,0.74992,NA,WrongKey,J,None,9,Correct,Slow,Accepted,HKJL,ClosedByInputThreshold,0,1,0.4,1000,2,1,Running,NA,0.6,1,0.25,0.6,0.7953866,1,Accepted,KeySequence,9,
2020-05-07,09:25:37.4112,1,1,KeyDown,NA,1,NA,NA,NA,NA,NA,NA,NA,NA,NA,DownArrow,1.444338,0.2707945,NA,WrongKey,L,None,9,Correct,Slow,Accepted,HKJL,ClosedByInputThreshold,0,1,0.4,1000,2,1,Running,NA,0.6,1,0.25,0.6,0.7953866,1,Accepted,KeySequence,9,
2020-05-07,09:25:37.4122,1,1,KeySequenceStopped,NA,1,NA,NA,NA,NA,NA,NA,NA,NA,NA,NA,1.451502,0.0071644,NA,NA,NA,NA,9,Correct,Slow,Accepted,HKJL,ClosedByInputThreshold,0,1,0.4,1000,2,1,Running,NA,0.6,1,0.25,0.6,0.7953866,1,Accepted,KeySequence,9,
2020-05-07,09:25:38.1761,1,1,[gameevent],HookMoved,1,NA,NA,NA,NA,NA,NA,2,3,NA,NA,NA,NA,NA,NA,NA,NA,NA,NA,NA,NA,NA,NA,0,1,0.4,1000,2,1,Running,NA,0.6,1,0.25,0.6,0.7953866,1,Accepted,KeySequence,9,
2020-05-07,09:25:37.8001,1,1,KeyDown,NA,1,NA,NA,NA,NA,NA,NA,NA,NA,NA,DownArrow,0,0,NA,WrongKey,H,K,10,Correct,Fast,Accepted,HKJL,ClosedByInputThreshold,0,1,0.4,1000,2,1,Running,NA,0.6,1,0.25,0.6,0.7953866,1,Accepted,KeySequence,10,
2020-05-07,09:25:38.1761,1,1,KeyDown,NA,1,NA,NA,NA,NA,NA,NA,NA,NA,NA,DownArrow,0.3748541,0.3748541,NA,WrongKey,H,K,10,Correct,Fast,Accepted,HKJL,ClosedByInputThreshold,0,1,0.4,1000,2,1,Running,NA,0.6,1,0.25,0.6,0.7953866,1,Accepted,KeySequence,10,
2020-05-07,09:25:38.6752,1,1,KeyDown,NA,1,NA,NA,NA,NA,NA,NA,NA,NA,NA,DownArrow,0.8747607,0.4999067,NA,WrongKey,J,None,10,Correct,Fast,Accepted,HKJL,ClosedByInputThreshold,0,1,0.4,1000,2,1,Running,NA,0.6,1,0.25,0.6,0.7953866,1,Accepted,KeySequence,10,
2020-05-07,09:25:38.7729,1,1,KeyDown,NA,1,NA,NA,NA,NA,NA,NA,NA,NA,NA,DownArrow,0.9721594,0.0973987,NA,WrongKey,L,None,10,Correct,Fast,Accepted,HKJL,ClosedByInputThreshold,0,1,0.4,1000,2,1,Running,NA,0.6,1,0.25,0.6,0.7953866,1,Accepted,KeySequence,10,
2020-05-07,09:25:38.7729,1,1,KeySequenceStopped,NA,1,NA,NA,NA,NA,NA,NA,NA,NA,NA,NA,0.9790935,0.0069341,NA,NA,NA,NA,10,Correct,Fast,Accepted,HKJL,ClosedByInputThreshold,0,1,0.4,1000,2,1,Running,NA,0.6,1,0.25,0.6,0.7953866,1,Accepted,KeySequence,10,
2020-05-07,09:25:39.1412,1,1,[gameevent],HookMoved,1,NA,NA,NA,NA,NA,NA,3,3,NA,NA,NA,NA,NA,NA,NA,NA,NA,NA,NA,NA,NA,NA,0,1,0.4,1000,2,1,Running,NA,0.6,1,0.25,0.6,0.7953866,1,Accepted,KeySequence,10,
2020-05-07,09:25:39.6967,1,1,[gameevent],FishHooked,1,NA,NA,NA,NA,NA,NA,3,3,NA,NA,NA,NA,NA,NA,NA,NA,NA,NA,NA,NA,NA,NA,0,1,0.4,1000,2,1,Running,NA,0.6,1,0.25,0.6,0.7953866,1,Accepted,KeySequence,10,
2020-05-07,09:25:39.1402,1,1,KeyDown,NA,1,NA,NA,NA,NA,NA,NA,NA,NA,NA,DownArrow,0,0,NA,WrongKey,H,K,11,Mistyped,Slow,Rejected,HKJL,ClosedByDeadzone,0,1,0.4,1000,2,1,Running,NA,0.6,1,0.25,0.6,0.7953866,0,Rejected,KeySequence,11,
2020-05-07,09:25:39.5571,1,1,KeyDown,NA,1,NA,NA,NA,NA,NA,NA,NA,NA,NA,DownArrow,0.4166708,0.4166708,NA,WrongKey,H,K,11,Mistyped,Slow,Rejected,HKJL,ClosedByDeadzone,0,1,0.4,1000,2,1,Running,NA,0.6,1,0.25,0.6,0.7953866,0,Rejected,KeySequence,11,
2020-05-07,09:25:40.3070,1,1,KeySequenceStopped,NA,1,NA,NA,NA,NA,NA,NA,NA,NA,NA,NA,1.173737,0.7570662,NA,NA,NA,NA,11,Mistyped,Slow,Rejected,HKJL,ClosedByDeadzone,0,1,0.4,1000,2,1,Running,NA,0.6,1,0.25,0.6,0.7953866,0,Rejected,KeySequence,11,
2020-05-07,09:25:41.6890,1,1,InputWindowOpen,NA,1,NA,NA,NA,NA,NA,NA,NA,NA,NA,NA,NA,NA,NA,NA,NA,NA,NA,NA,NA,NA,NA,NA,0,1,0.4,1000,2,1,Running,NA,0.6,1,0.25,0.6,0.7953866,0,Rejected,KeySequence,11,
2020-05-07,09:25:41.7931,1,1,KeyDown,NA,1,NA,NA,NA,NA,NA,NA,NA,NA,NA,H,0,0,0,CorrectKey,H,K,12,Correct,Fast,Accepted,HKJL,ClosedByInputThreshold,0,1,0.4,1000,2,1,Running,NA,0.6,1,0.25,0.6,0.7953866,1,Accepted,KeySequence,12,
2020-05-07,09:25:41.8839,1,1,KeyDown,NA,1,NA,NA,NA,NA,NA,NA,NA,NA,NA,L,0.0902135,0.0902135,NA,WrongKey,H,K,12,Correct,Fast,Accepted,HKJL,ClosedByInputThreshold,0,1,0.4,1000,2,1,Running,NA,0.6,1,0.25,0.6,0.7953866,1,Accepted,KeySequence,12,
2020-05-07,09:25:41.9667,1,1,KeyDown,NA,1,NA,NA,NA,NA,NA,NA,NA,NA,NA,J,0.1737032,0.0834897,2,CorrectKey,J,None,12,Correct,Fast,Accepted,HKJL,ClosedByInputThreshold,0,1,0.4,1000,2,1,Running,NA,0.6,1,0.25,0.6,0.7953866,1,Accepted,KeySequence,12,
2020-05-07,09:25:42.1063,1,1,KeyDown,NA,1,NA,NA,NA,NA,NA,NA,NA,NA,NA,BackQuote,0.3126694,0.1389662,NA,WrongKey,L,None,12,Correct,Fast,Accepted,HKJL,ClosedByInputThreshold,0,1,0.4,1000,2,1,Running,NA,0.6,1,0.25,0.6,0.7953866,1,Accepted,KeySequence,12,
2020-05-07,09:25:42.1063,1,1,KeySequenceStopped,NA,1,NA,NA,NA,NA,NA,NA,NA,NA,NA,NA,0.3201689,0.0074995,NA,NA,NA,NA,12,Correct,Fast,Accepted,HKJL,ClosedByInputThreshold,0,1,0.4,1000,2,1,Running,NA,0.6,1,0.25,0.6,0.7953866,1,Accepted,KeySequence,12,
2020-05-07,09:25:42.1063,1,1,[gameevent],InputAccepted,1,NA,NA,NA,NA,NA,NA,3,3,NA,NA,NA,NA,NA,NA,NA,NA,NA,NA,NA,NA,NA,NA,0,1,0.4,1000,2,1,Running,NA,0.6,1,0.25,0.6,0.7953866,1,Accepted,KeySequence,12,
2020-05-07,09:25:42.1063,1,1,InputWindowClosed,NA,1,NA,NA,NA,NA,NA,NA,NA,NA,NA,NA,NA,NA,NA,NA,NA,NA,NA,NA,NA,NA,NA,NA,0,1,0.4,1000,2,1,Running,NA,0.6,1,0.25,0.6,0.7953866,1,Accepted,KeySequence,12,
2020-05-07,09:25:42.1063,1,1,DecisionAcceptAllInput,NA,1,NA,NA,NA,NA,NA,NA,NA,NA,NA,NA,NA,NA,NA,NA,NA,NA,NA,NA,NA,NA,NA,NA,0,1,0.4,1000,2,1,Running,NA,0.6666667,1,0.25,0.6666667,1.019288,1,Accepted,KeySequence,12,
2020-05-07,09:25:42.1073,1,1,[gameevent],Feedback,2,5,6,Success,NA,NA,NA,2,3,NA,NA,NA,NA,NA,NA,NA,NA,NA,NA,NA,NA,NA,NA,0,1,0.4,1000,2,1,Running,NA,0.6666667,1,0.25,0.6666667,1.019288,1,Accepted,KeySequence,12,
2020-05-07,09:25:44.8698,1,1,InputWindowOpen,NA,2,NA,NA,NA,NA,NA,NA,NA,NA,NA,NA,NA,NA,NA,NA,NA,NA,NA,NA,NA,NA,NA,NA,0,1,0.4,1000,2,1,Running,NA,0.6666667,1,0.25,0.6666667,1.019288,1,Accepted,KeySequence,12,
2020-05-07,09:25:44.8837,1,1,KeyDown,NA,2,NA,NA,NA,NA,NA,NA,NA,NA,NA,H,0,0,0,CorrectKey,H,K,13,Correct,Fast,Accepted,HKJL,ClosedByInputThreshold,0,1,0.4,1000,2,1,Running,NA,0.6666667,1,0.25,0.6666667,1.019288,1,Accepted,KeySequence,13,
2020-05-07,09:25:45.0293,1,1,KeyDown,NA,2,NA,NA,NA,NA,NA,NA,NA,NA,NA,L,0.1457515,0.1457515,NA,WrongKey,H,K,13,Correct,Fast,Accepted,HKJL,ClosedByInputThreshold,0,1,0.4,1000,2,1,Running,NA,0.6666667,1,0.25,0.6666667,1.019288,1,Accepted,KeySequence,13,
2020-05-07,09:25:45.0921,1,1,KeyDown,NA,2,NA,NA,NA,NA,NA,NA,NA,NA,NA,J,0.2083304,0.0625789,2,CorrectKey,J,None,13,Correct,Fast,Accepted,HKJL,ClosedByInputThreshold,0,1,0.4,1000,2,1,Running,NA,0.6666667,1,0.25,0.6666667,1.019288,1,Accepted,KeySequence,13,
2020-05-07,09:25:45.2309,1,1,KeyDown,NA,2,NA,NA,NA,NA,NA,NA,NA,NA,NA,BackQuote,0.3471238,0.1387934,NA,WrongKey,L,None,13,Correct,Fast,Accepted,HKJL,ClosedByInputThreshold,0,1,0.4,1000,2,1,Running,NA,0.6666667,1,0.25,0.6666667,1.019288,1,Accepted,KeySequence,13,
2020-05-07,09:25:45.2309,1,1,KeySequenceStopped,NA,2,NA,NA,NA,NA,NA,NA,NA,NA,NA,NA,0.3542318,0.007108,NA,NA,NA,NA,13,Correct,Fast,Accepted,HKJL,ClosedByInputThreshold,0,1,0.4,1000,2,1,Running,NA,0.6666667,1,0.25,0.6666667,1.019288,1,Accepted,KeySequence,13,
2020-05-07,09:25:45.2309,1,1,[gameevent],InputAccepted,2,NA,NA,NA,NA,NA,NA,2,3,NA,NA,NA,NA,NA,NA,NA,NA,NA,NA,NA,NA,NA,NA,0,1,0.4,1000,2,1,Running,NA,0.6666667,1,0.25,0.6666667,1.019288,1,Accepted,KeySequence,13,
2020-05-07,09:25:45.8767,1,1,InputWindowClosed,NA,2,NA,NA,NA,NA,NA,NA,NA,NA,NA,NA,NA,NA,NA,NA,NA,NA,NA,NA,NA,NA,NA,NA,0,1,0.4,1000,2,1,Running,NA,0.6666667,1,0.25,0.6666667,1.019288,1,Accepted,KeySequence,13,
2020-05-07,09:25:45.8777,1,1,[gameevent],Feedback,2,6,7,Failure,NA,NA,NA,2,2,NA,NA,NA,NA,NA,NA,NA,NA,NA,NA,NA,NA,NA,NA,0,1,0.4,1000,2,1,Running,NA,0.6666667,1,0.25,0.6666667,1.019288,1,Accepted,KeySequence,13,
2020-05-07,09:25:45.8777,1,1,DecisionRejectAllInput,NA,2,NA,NA,NA,NA,NA,NA,NA,NA,NA,NA,NA,NA,NA,NA,NA,NA,NA,NA,NA,NA,NA,NA,0,1,0.4,1000,2,1,Running,NA,0.5714286,1,0.25,0.5714286,0.8384218,1,Accepted,KeySequence,13,
2020-05-07,09:25:48.6482,1,1,InputWindowOpen,NA,2,NA,NA,NA,NA,NA,NA,NA,NA,NA,NA,NA,NA,NA,NA,NA,NA,NA,NA,NA,NA,NA,NA,0,1,0.4,1000,2,1,Running,NA,0.5714286,1,0.25,0.5714286,0.8384218,1,Accepted,KeySequence,13,
2020-05-07,09:25:48.6263,1,1,KeyDown,NA,2,NA,NA,NA,NA,NA,NA,NA,NA,NA,H,0,0,0,CorrectKey,H,K,14,Correct,Fast,Accepted,HKJL,ClosedByInputThreshold,0,1,0.4,1000,2,1,Running,NA,0.5714286,1,0.25,0.5714286,0.8384218,1,Accepted,KeySequence,14,
2020-05-07,09:25:48.8567,1,1,KeyDown,NA,2,NA,NA,NA,NA,NA,NA,NA,NA,NA,L,0.2292321,0.2292321,NA,WrongKey,H,K,14,Correct,Fast,Accepted,HKJL,ClosedByInputThreshold,0,1,0.4,1000,2,1,Running,NA,0.5714286,1,0.25,0.5714286,0.8384218,1,Accepted,KeySequence,14,
2020-05-07,09:25:48.9255,1,1,KeyDown,NA,2,NA,NA,NA,NA,NA,NA,NA,NA,NA,J,0.2986694,0.0694374,2,CorrectKey,J,None,14,Correct,Fast,Accepted,HKJL,ClosedByInputThreshold,0,1,0.4,1000,2,1,Running,NA,0.5714286,1,0.25,0.5714286,0.8384218,1,Accepted,KeySequence,14,
2020-05-07,09:25:49.0920,1,1,KeyDown,NA,2,NA,NA,NA,NA,NA,NA,NA,NA,NA,BackQuote,0.4654942,0.1668249,NA,WrongKey,L,None,14,Correct,Fast,Accepted,HKJL,ClosedByInputThreshold,0,1,0.4,1000,2,1,Running,NA,0.5714286,1,0.25,0.5714286,0.8384218,1,Accepted,KeySequence,14,
2020-05-07,09:25:49.0920,1,1,KeySequenceStopped,NA,2,NA,NA,NA,NA,NA,NA,NA,NA,NA,NA,0.4724194,0.0069251,NA,NA,NA,NA,14,Correct,Fast,Accepted,HKJL,ClosedByInputThreshold,0,1,0.4,1000,2,1,Running,NA,0.5714286,1,0.25,0.5714286,0.8384218,1,Accepted,KeySequence,14,
2020-05-07,09:25:49.0920,1,1,[gameevent],InputAccepted,2,NA,NA,NA,NA,NA,NA,2,2,NA,NA,NA,NA,NA,NA,NA,NA,NA,NA,NA,NA,NA,NA,0,1,0.4,1000,2,1,Running,NA,0.5714286,1,0.25,0.5714286,0.8384218,1,Accepted,KeySequence,14,
2020-05-07,09:25:49.6551,1,1,InputWindowClosed,NA,2,NA,NA,NA,NA,NA,NA,NA,NA,NA,NA,NA,NA,NA,NA,NA,NA,NA,NA,NA,NA,NA,NA,0,1,0.4,1000,2,1,Running,NA,0.5714286,1,0.25,0.5714286,0.8384218,1,Accepted,KeySequence,14,
2020-05-07,09:25:49.6551,1,1,[gameevent],Feedback,2,7,8,Failure,NA,NA,NA,2,1,NA,NA,NA,NA,NA,NA,NA,NA,NA,NA,NA,NA,NA,NA,0,1,0.4,1000,2,1,Running,NA,0.5714286,1,0.25,0.5714286,0.8384218,1,Accepted,KeySequence,14,
2020-05-07,09:25:49.6551,1,1,DecisionRejectAllInput,NA,2,NA,NA,NA,NA,NA,NA,NA,NA,NA,NA,NA,NA,NA,NA,NA,NA,NA,NA,NA,NA,NA,NA,0,1,0.4,1000,2,1,Running,NA,0.5,1,0.25,0.5,0.862102,1,Accepted,KeySequence,14,
2020-05-07,09:25:52.4048,1,1,InputWindowOpen,NA,2,NA,NA,NA,NA,NA,NA,NA,NA,NA,NA,NA,NA,NA,NA,NA,NA,NA,NA,NA,NA,NA,NA,0,1,0.4,1000,2,1,Running,NA,0.5,1,0.25,0.5,0.862102,1,Accepted,KeySequence,14,
2020-05-07,09:25:52.3908,1,1,KeyDown,NA,2,NA,NA,NA,NA,NA,NA,NA,NA,NA,H,0,0,0,CorrectKey,H,K,15,Correct,Fast,Accepted,HKJL,ClosedByInputThreshold,0,1,0.4,1000,2,1,Running,NA,0.5,1,0.25,0.5,0.862102,1,Accepted,KeySequence,15,
2020-05-07,09:25:52.6058,1,1,KeyDown,NA,2,NA,NA,NA,NA,NA,NA,NA,NA,NA,J,0.2153003,0.2153003,NA,WrongKey,H,K,15,Correct,Fast,Accepted,HKJL,ClosedByInputThreshold,0,1,0.4,1000,2,1,Running,NA,0.5,1,0.25,0.5,0.862102,1,Accepted,KeySequence,15,
2020-05-07,09:25:52.6058,1,1,KeyDown,NA,2,NA,NA,NA,NA,NA,NA,NA,NA,NA,L,0.2153003,0,NA,WrongKey,J,None,15,Correct,Fast,Accepted,HKJL,ClosedByInputThreshold,0,1,0.4,1000,2,1,Running,NA,0.5,1,0.25,0.5,0.862102,1,Accepted,KeySequence,15,
2020-05-07,09:25:52.8632,1,1,KeyDown,NA,2,NA,NA,NA,NA,NA,NA,NA,NA,NA,BackQuote,0.472227,0.2569265,NA,WrongKey,L,None,15,Correct,Fast,Accepted,HKJL,ClosedByInputThreshold,0,1,0.4,1000,2,1,Running,NA,0.5,1,0.25,0.5,0.862102,1,Accepted,KeySequence,15,
2020-05-07,09:25:52.8632,1,1,KeySequenceStopped,NA,2,NA,NA,NA,NA,NA,NA,NA,NA,NA,NA,0.4791866,0.0069596,NA,NA,NA,NA,15,Correct,Fast,Accepted,HKJL,ClosedByInputThreshold,0,1,0.4,1000,2,1,Running,NA,0.5,1,0.25,0.5,0.862102,1,Accepted,KeySequence,15,
2020-05-07,09:25:52.8632,1,1,[gameevent],InputAccepted,2,NA,NA,NA,NA,NA,NA,2,1,NA,NA,NA,NA,NA,NA,NA,NA,NA,NA,NA,NA,NA,NA,0,1,0.4,1000,2,1,Running,NA,0.5,1,0.25,0.5,0.862102,1,Accepted,KeySequence,15,
2020-05-07,09:25:52.8632,1,1,InputWindowClosed,NA,2,NA,NA,NA,NA,NA,NA,NA,NA,NA,NA,NA,NA,NA,NA,NA,NA,NA,NA,NA,NA,NA,NA,0,1,0.4,1000,2,1,Running,NA,0.5,1,0.25,0.5,0.862102,1,Accepted,KeySequence,15,
2020-05-07,09:25:52.8632,1,1,DecisionAcceptAllInput,NA,2,NA,NA,NA,NA,NA,NA,NA,NA,NA,NA,NA,NA,NA,NA,NA,NA,NA,NA,NA,NA,NA,NA,0,1,0.4,1000,2,1,Running,NA,0.5555556,1,0.25,0.5555556,1.052833,1,Accepted,KeySequence,15,
2020-05-07,09:25:52.8632,1,1,[gameevent],Feedback,2,8,9,Success,NA,NA,NA,1,1,NA,NA,NA,NA,NA,NA,NA,NA,NA,NA,NA,NA,NA,NA,0,1,0.4,1000,2,1,Running,NA,0.5555556,1,0.25,0.5555556,1.052833,1,Accepted,KeySequence,15,
2020-05-07,09:25:53.0587,1,1,KeyDown,NA,2,NA,NA,NA,NA,NA,NA,NA,NA,NA,J,0,0,NA,WrongKey,H,K,16,Mistyped,Fast,Accepted,HKJL,ClosedByDeadzone,0,1,0.4,1000,2,1,Running,NA,0.5555556,1,0.25,0.5555556,1.052833,0,Rejected,KeySequence,16,
2020-05-07,09:25:53.0587,1,1,KeyDown,NA,2,NA,NA,NA,NA,NA,NA,NA,NA,NA,K,0,0,1,CorrectKey,H,K,16,Mistyped,Fast,Accepted,HKJL,ClosedByDeadzone,0,1,0.4,1000,2,1,Running,NA,0.5555556,1,0.25,0.5555556,1.052833,0,Rejected,KeySequence,16,
2020-05-07,09:25:53.1889,1,1,KeyDown,NA,2,NA,NA,NA,NA,NA,NA,NA,NA,NA,BackQuote,0.1320708,0.1320708,NA,WrongKey,J,None,16,Mistyped,Fast,Accepted,HKJL,ClosedByDeadzone,0,1,0.4,1000,2,1,Running,NA,0.5555556,1,0.25,0.5555556,1.052833,0,Rejected,KeySequence,16,
2020-05-07,09:25:53.9329,1,1,KeySequenceStopped,NA,2,NA,NA,NA,NA,NA,NA,NA,NA,NA,NA,0.8820713,0.7500007,NA,NA,NA,NA,16,Mistyped,Fast,Accepted,HKJL,ClosedByDeadzone,0,1,0.4,1000,2,1,Running,NA,0.5555556,1,0.25,0.5555556,1.052833,0,Rejected,KeySequence,16,
2020-05-07,09:25:55.6268,1,1,InputWindowOpen,NA,2,NA,NA,NA,NA,NA,NA,NA,NA,NA,NA,NA,NA,NA,NA,NA,NA,NA,NA,NA,NA,NA,NA,0,1,0.4,1000,2,1,Running,NA,0.5555556,1,0.25,0.5555556,1.052833,0,Rejected,KeySequence,16,
2020-05-07,09:25:55.7584,1,1,KeyDown,NA,2,NA,NA,NA,NA,NA,NA,NA,NA,NA,H,0,0,0,CorrectKey,H,K,17,Correct,Fast,Accepted,HKJL,ClosedByInputThreshold,0,1,0.4,1000,2,1,Running,NA,0.5555556,1,0.25,0.5555556,1.052833,1,Accepted,KeySequence,17,
2020-05-07,09:25:55.8841,1,1,KeyDown,NA,2,NA,NA,NA,NA,NA,NA,NA,NA,NA,L,0.1250961,0.1250961,NA,WrongKey,H,K,17,Correct,Fast,Accepted,HKJL,ClosedByInputThreshold,0,1,0.4,1000,2,1,Running,NA,0.5555556,1,0.25,0.5555556,1.052833,1,Accepted,KeySequence,17,
2020-05-07,09:25:56.0222,1,1,KeyDown,NA,2,NA,NA,NA,NA,NA,NA,NA,NA,NA,J,0.2638609,0.1387648,2,CorrectKey,J,None,17,Correct,Fast,Accepted,HKJL,ClosedByInputThreshold,0,1,0.4,1000,2,1,Running,NA,0.5555556,1,0.25,0.5555556,1.052833,1,Accepted,KeySequence,17,
2020-05-07,09:25:56.1409,1,1,KeyDown,NA,2,NA,NA,NA,NA,NA,NA,NA,NA,NA,BackQuote,0.382084,0.1182231,NA,WrongKey,L,None,17,Correct,Fast,Accepted,HKJL,ClosedByInputThreshold,0,1,0.4,1000,2,1,Running,NA,0.5555556,1,0.25,0.5555556,1.052833,1,Accepted,KeySequence,17,
2020-05-07,09:25:56.1409,1,1,KeySequenceStopped,NA,2,NA,NA,NA,NA,NA,NA,NA,NA,NA,NA,0.3890159,0.0069318,NA,NA,NA,NA,17,Correct,Fast,Accepted,HKJL,ClosedByInputThreshold,0,1,0.4,1000,2,1,Running,NA,0.5555556,1,0.25,0.5555556,1.052833,1,Accepted,KeySequence,17,
2020-05-07,09:25:56.1409,1,1,[gameevent],InputAccepted,2,NA,NA,NA,NA,NA,NA,1,1,NA,NA,NA,NA,NA,NA,NA,NA,NA,NA,NA,NA,NA,NA,0,1,0.4,1000,2,1,Running,NA,0.5555556,1,0.25,0.5555556,1.052833,1,Accepted,KeySequence,17,
2020-05-07,09:25:56.6266,1,1,InputWindowClosed,NA,2,NA,NA,NA,NA,NA,NA,NA,NA,NA,NA,NA,NA,NA,NA,NA,NA,NA,NA,NA,NA,NA,NA,0,1,0.4,1000,2,1,Running,NA,0.5555556,1,0.25,0.5555556,1.052833,1,Accepted,KeySequence,17,
2020-05-07,09:25:56.6266,1,1,[gameevent],Feedback,2,9,10,Failure,NA,NA,NA,1,0,NA,NA,NA,NA,NA,NA,NA,NA,NA,NA,NA,NA,NA,NA,0,1,0.4,1000,2,1,Running,NA,0.5555556,1,0.25,0.5555556,1.052833,1,Accepted,KeySequence,17,
2020-05-07,09:25:56.6266,1,1,DecisionRejectAllInput,NA,2,NA,NA,NA,NA,NA,NA,NA,NA,NA,NA,NA,NA,NA,NA,NA,NA,NA,NA,NA,NA,NA,NA,0,1,0.4,1000,2,1,Running,NA,0.5,1,0.25,0.5,1.042668,1,Accepted,KeySequence,17,
2020-05-07,09:25:57.3635,1,1,[gameevent],BlockEnded,2,NA,NA,NA,Loss,1,1,NA,NA,NA,NA,NA,NA,NA,NA,NA,NA,NA,NA,NA,NA,NA,NA,0,1,0.4,1000,2,1,Running,NA,0.5,1,0.25,0.5,1.042668,1,Accepted,KeySequence,17,
2020-05-07,09:25:56.2516,1,1,KeyDown,NA,2,NA,NA,NA,NA,NA,NA,NA,NA,NA,J,0,0,NA,WrongKey,H,K,18,Mistyped,Slow,Rejected,HKJL,ClosedByDeadzone,0,1,0.4,1000,2,1,Running,NA,0.5,1,0.25,0.5,1.042668,0,Rejected,KeySequence,18,
2020-05-07,09:25:56.5987,1,1,KeyDown,NA,2,NA,NA,NA,NA,NA,NA,NA,NA,NA,BackQuote,0.3473323,0.3473323,NA,WrongKey,H,K,18,Mistyped,Slow,Rejected,HKJL,ClosedByDeadzone,0,1,0.4,1000,2,1,Running,NA,0.5,1,0.25,0.5,1.042668,0,Rejected,KeySequence,18,
2020-05-07,09:25:56.7792,1,1,KeyDown,NA,2,NA,NA,NA,NA,NA,NA,NA,NA,NA,H,0.5279101,0.1805778,NA,WrongKey,J,None,18,Mistyped,Slow,Rejected,HKJL,ClosedByDeadzone,0,1,0.4,1000,2,1,Running,NA,0.5,1,0.25,0.5,1.042668,0,Rejected,KeySequence,18,
2020-05-07,09:25:57.5290,1,1,KeySequenceStopped,NA,2,NA,NA,NA,NA,NA,NA,NA,NA,NA,NA,1.284745,0.7568346,NA,NA,NA,NA,18,Mistyped,Slow,Rejected,HKJL,ClosedByDeadzone,0,1,0.4,1000,2,1,Running,NA,0.5,1,0.25,0.5,1.042668,0,Rejected,KeySequence,18,
2020-05-07,09:25:57.7654,1,1,KeyDown,NA,2,NA,NA,NA,NA,NA,NA,NA,NA,NA,H,0,0,0,CorrectKey,H,K,19,Mistyped,Slow,Rejected,HKJL,ClosedByDeadzone,0,1,0.4,1000,2,1,Running,NA,0.5,1,0.25,0.5,1.042668,0,Rejected,KeySequence,19,
2020-05-07,09:25:58.0157,1,1,KeyDown,NA,2,NA,NA,NA,NA,NA,NA,NA,NA,NA,J,0.2500787,0.2500787,NA,WrongKey,H,K,19,Mistyped,Slow,Rejected,HKJL,ClosedByDeadzone,0,1,0.4,1000,2,1,Running,NA,0.5,1,0.25,0.5,1.042668,0,Rejected,KeySequence,19,
2020-05-07,09:25:58.0855,1,1,KeyDown,NA,2,NA,NA,NA,NA,NA,NA,NA,NA,NA,L,0.319533,0.0694543,NA,WrongKey,J,None,19,Mistyped,Slow,Rejected,HKJL,ClosedByDeadzone,0,1,0.4,1000,2,1,Running,NA,0.5,1,0.25,0.5,1.042668,0,Rejected,KeySequence,19,
2020-05-07,09:25:58.8355,1,1,KeySequenceStopped,NA,2,NA,NA,NA,NA,NA,NA,NA,NA,NA,NA,1.076446,0.7569134,NA,NA,NA,NA,19,Mistyped,Slow,Rejected,HKJL,ClosedByDeadzone,0,1,0.4,1000,2,1,Running,NA,0.5,1,0.25,0.5,1.042668,0,Rejected,KeySequence,19,
2020-05-07,09:26:02.5024,1,1,[gameevent],HookMoved,2,NA,NA,NA,NA,NA,NA,1,3,NA,NA,NA,NA,NA,NA,NA,NA,NA,NA,NA,NA,NA,NA,0,1,0.4,1000,2,1,Running,NA,0.5,1,0.25,0.5,1.042668,0,Rejected,KeySequence,19,
2020-05-07,09:26:02.5014,1,1,KeyDown,NA,2,NA,NA,NA,NA,NA,NA,NA,NA,NA,DownArrow,0,0,NA,WrongKey,H,K,20,Mistyped,Fast,Accepted,HKJL,ClosedByDeadzone,0,1,0.4,1000,2,1,Running,NA,0.5,1,0.25,0.5,1.042668,0,Rejected,KeySequence,20,
2020-05-07,09:26:03.2450,1,1,KeySequenceStopped,NA,2,NA,NA,NA,NA,NA,NA,NA,NA,NA,NA,0.7501326,0.7501326,NA,NA,NA,NA,20,Mistyped,Fast,Accepted,HKJL,ClosedByDeadzone,0,1,0.4,1000,2,1,Running,NA,0.5,1,0.25,0.5,1.042668,0,Rejected,KeySequence,20,
2020-05-07,09:26:04.8145,1,1,[gameevent],HookMoved,2,NA,NA,NA,NA,NA,NA,2,3,NA,NA,NA,NA,NA,NA,NA,NA,NA,NA,NA,NA,NA,NA,0,1,0.4,1000,2,1,Running,NA,0.5,1,0.25,0.5,1.042668,0,Rejected,KeySequence,20,
2020-05-07,09:26:04.0370,1,1,KeyDown,NA,2,NA,NA,NA,NA,NA,NA,NA,NA,NA,DownArrow,0,0,NA,WrongKey,H,K,21,Mistyped,Slow,Rejected,HKJL,ClosedByDeadzone,0,1,0.4,1000,2,1,Running,NA,0.5,1,0.25,0.5,1.042668,0,Rejected,KeySequence,21,
2020-05-07,09:26:04.3561,1,1,KeyDown,NA,2,NA,NA,NA,NA,NA,NA,NA,NA,NA,DownArrow,0.3194548,0.3194548,NA,WrongKey,H,K,21,Mistyped,Slow,Rejected,HKJL,ClosedByDeadzone,0,1,0.4,1000,2,1,Running,NA,0.5,1,0.25,0.5,1.042668,0,Rejected,KeySequence,21,
2020-05-07,09:26:04.8145,1,1,KeyDown,NA,2,NA,NA,NA,NA,NA,NA,NA,NA,NA,DownArrow,0.7778649,0.4584101,NA,WrongKey,J,None,21,Mistyped,Slow,Rejected,HKJL,ClosedByDeadzone,0,1,0.4,1000,2,1,Running,NA,0.5,1,0.25,0.5,1.042668,0,Rejected,KeySequence,21,
2020-05-07,09:26:05.5638,1,1,KeySequenceStopped,NA,2,NA,NA,NA,NA,NA,NA,NA,NA,NA,NA,1.534704,0.7568393,NA,NA,NA,NA,21,Mistyped,Slow,Rejected,HKJL,ClosedByDeadzone,0,1,0.4,1000,2,1,Running,NA,0.5,1,0.25,0.5,1.042668,0,Rejected,KeySequence,21,
2020-05-07,09:26:06.4745,1,1,[gameevent],FishHooked,2,NA,NA,NA,NA,NA,NA,2,3,NA,NA,NA,NA,NA,NA,NA,NA,NA,NA,NA,NA,NA,NA,0,1,0.4,1000,2,1,Running,NA,0.5,1,0.25,0.5,1.042668,0,Rejected,KeySequence,21,
2020-05-07,09:26:08.4671,1,1,InputWindowOpen,NA,2,NA,NA,NA,NA,NA,NA,NA,NA,NA,NA,NA,NA,NA,NA,NA,NA,NA,NA,NA,NA,NA,NA,0,1,0.4,1000,2,1,Running,NA,0.5,1,0.25,0.5,1.042668,0,Rejected,KeySequence,21,
2020-05-07,09:26:08.4402,1,1,KeyDown,NA,2,NA,NA,NA,NA,NA,NA,NA,NA,NA,H,0,0,0,CorrectKey,H,K,22,Correct,Fast,Accepted,HKJL,ClosedByInputThreshold,0,1,0.4,1000,2,1,Running,NA,0.5,1,0.25,0.5,1.042668,1,Accepted,KeySequence,22,
2020-05-07,09:26:08.6197,1,1,KeyDown,NA,2,NA,NA,NA,NA,NA,NA,NA,NA,NA,L,0.1805971,0.1805971,NA,WrongKey,H,K,22,Correct,Fast,Accepted,HKJL,ClosedByInputThreshold,0,1,0.4,1000,2,1,Running,NA,0.5,1,0.25,0.5,1.042668,1,Accepted,KeySequence,22,
2020-05-07,09:26:08.7244,1,1,KeyDown,NA,2,NA,NA,NA,NA,NA,NA,NA,NA,NA,J,0.2848232,0.1042261,2,CorrectKey,J,None,22,Correct,Fast,Accepted,HKJL,ClosedByInputThreshold,0,1,0.4,1000,2,1,Running,NA,0.5,1,0.25,0.5,1.042668,1,Accepted,KeySequence,22,
2020-05-07,09:26:08.8561,1,1,KeyDown,NA,2,NA,NA,NA,NA,NA,NA,NA,NA,NA,BackQuote,0.4169914,0.1321681,NA,WrongKey,L,None,22,Correct,Fast,Accepted,HKJL,ClosedByInputThreshold,0,1,0.4,1000,2,1,Running,NA,0.5,1,0.25,0.5,1.042668,1,Accepted,KeySequence,22,
2020-05-07,09:26:08.8561,1,1,KeySequenceStopped,NA,2,NA,NA,NA,NA,NA,NA,NA,NA,NA,NA,0.423752,0.0067607,NA,NA,NA,NA,22,Correct,Fast,Accepted,HKJL,ClosedByInputThreshold,0,1,0.4,1000,2,1,Running,NA,0.5,1,0.25,0.5,1.042668,1,Accepted,KeySequence,22,
2020-05-07,09:26:08.8561,1,1,[gameevent],InputAccepted,2,NA,NA,NA,NA,NA,NA,2,3,NA,NA,NA,NA,NA,NA,NA,NA,NA,NA,NA,NA,NA,NA,0,1,0.4,1000,2,1,Running,NA,0.5,1,0.25,0.5,1.042668,1,Accepted,KeySequence,22,
2020-05-07,09:26:09.4671,1,1,InputWindowClosed,NA,2,NA,NA,NA,NA,NA,NA,NA,NA,NA,NA,NA,NA,NA,NA,NA,NA,NA,NA,NA,NA,NA,NA,0,1,0.4,1000,2,1,Running,NA,0.5,1,0.25,0.5,1.042668,1,Accepted,KeySequence,22,
2020-05-07,09:26:09.4671,1,1,[gameevent],Feedback,3,10,11,Failure,NA,NA,NA,2,4,NA,NA,NA,NA,NA,NA,NA,NA,NA,NA,NA,NA,NA,NA,0,1,0.4,1000,2,1,Running,NA,0.5,1,0.25,0.5,1.042668,1,Accepted,KeySequence,22,
2020-05-07,09:26:09.4671,1,1,DecisionRejectAllInput,NA,3,NA,NA,NA,NA,NA,NA,NA,NA,NA,NA,NA,NA,NA,NA,NA,NA,NA,NA,NA,NA,NA,NA,0,1,0.4,1000,2,1,Running,NA,0.4545455,1,0.25,0.4545455,0.7978706,1,Accepted,KeySequence,22,
2020-05-07,09:26:12.2378,1,1,InputWindowOpen,NA,3,NA,NA,NA,NA,NA,NA,NA,NA,NA,NA,NA,NA,NA,NA,NA,NA,NA,NA,NA,NA,NA,NA,0,1,0.4,1000,2,1,Running,NA,0.4545455,1,0.25,0.4545455,0.7978706,1,Accepted,KeySequence,22,
2020-05-07,09:26:12.2867,1,1,KeyDown,NA,3,NA,NA,NA,NA,NA,NA,NA,NA,NA,H,0,0,0,CorrectKey,H,K,23,Correct,Fast,Accepted,HKJL,ClosedByInputThreshold,0,1,0.4,1000,2,1,Running,NA,0.4545455,1,0.25,0.4545455,0.7978706,1,Accepted,KeySequence,23,
2020-05-07,09:26:12.4109,1,1,KeyDown,NA,3,NA,NA,NA,NA,NA,NA,NA,NA,NA,J,0.1250029,0.1250029,NA,WrongKey,H,K,23,Correct,Fast,Accepted,HKJL,ClosedByInputThreshold,0,1,0.4,1000,2,1,Running,NA,0.4545455,1,0.25,0.4545455,0.7978706,1,Accepted,KeySequence,23,
2020-05-07,09:26:12.4119,1,1,KeyDown,NA,3,NA,NA,NA,NA,NA,NA,NA,NA,NA,U,0.1250029,0,NA,WrongKey,J,None,23,Correct,Fast,Accepted,HKJL,ClosedByInputThreshold,0,1,0.4,1000,2,1,Running,NA,0.4545455,1,0.25,0.4545455,0.7978706,1,Accepted,KeySequence,23,
2020-05-07,09:26:12.5161,1,1,KeyDown,NA,3,NA,NA,NA,NA,NA,NA,NA,NA,NA,L,0.2291615,0.1041585,3,CorrectKey,L,None,23,Correct,Fast,Accepted,HKJL,ClosedByInputThreshold,0,1,0.4,1000,2,1,Running,NA,0.4545455,1,0.25,0.4545455,0.7978706,1,Accepted,KeySequence,23,
2020-05-07,09:26:12.5161,1,1,KeySequenceStopped,NA,3,NA,NA,NA,NA,NA,NA,NA,NA,NA,NA,0.2362162,0.0070547,NA,NA,NA,NA,23,Correct,Fast,Accepted,HKJL,ClosedByInputThreshold,0,1,0.4,1000,2,1,Running,NA,0.4545455,1,0.25,0.4545455,0.7978706,1,Accepted,KeySequence,23,
2020-05-07,09:26:12.5161,1,1,[gameevent],InputAccepted,3,NA,NA,NA,NA,NA,NA,2,4,NA,NA,NA,NA,NA,NA,NA,NA,NA,NA,NA,NA,NA,NA,0,1,0.4,1000,2,1,Running,NA,0.4545455,1,0.25,0.4545455,0.7978706,1,Accepted,KeySequence,23,
2020-05-07,09:26:13.2444,1,1,InputWindowClosed,NA,3,NA,NA,NA,NA,NA,NA,NA,NA,NA,NA,NA,NA,NA,NA,NA,NA,NA,NA,NA,NA,NA,NA,0,1,0.4,1000,2,1,Running,NA,0.4545455,1,0.25,0.4545455,0.7978706,1,Accepted,KeySequence,23,
2020-05-07,09:26:13.2444,1,1,[gameevent],Feedback,3,11,12,Failure,NA,NA,NA,2,5,NA,NA,NA,NA,NA,NA,NA,NA,NA,NA,NA,NA,NA,NA,0,1,0.4,1000,2,1,Running,NA,0.4545455,1,0.25,0.4545455,0.7978706,1,Accepted,KeySequence,23,
2020-05-07,09:26:13.2444,1,1,DecisionRejectAllInput,NA,3,NA,NA,NA,NA,NA,NA,NA,NA,NA,NA,NA,NA,NA,NA,NA,NA,NA,NA,NA,NA,NA,NA,0,1,0.4,1000,2,1,Running,NA,0.4166667,1,0.25,0.4166667,0.7685151,1,Accepted,KeySequence,23,
2020-05-07,09:26:12.6129,1,1,KeyDown,NA,3,NA,NA,NA,NA,NA,NA,NA,NA,NA,J,0,0,NA,WrongKey,H,K,24,Mistyped,Fast,Accepted,HKJL,ClosedByDeadzone,0,1,0.4,1000,2,1,Running,NA,0.4166667,1,0.25,0.4166667,0.7685151,0,Rejected,KeySequence,24,
2020-05-07,09:26:12.6897,1,1,KeyDown,NA,3,NA,NA,NA,NA,NA,NA,NA,NA,NA,BackQuote,0.0763524,0.0763524,NA,WrongKey,H,K,24,Mistyped,Fast,Accepted,HKJL,ClosedByDeadzone,0,1,0.4,1000,2,1,Running,NA,0.4166667,1,0.25,0.4166667,0.7685151,0,Rejected,KeySequence,24,
2020-05-07,09:26:13.4329,1,1,KeySequenceStopped,NA,3,NA,NA,NA,NA,NA,NA,NA,NA,NA,NA,0.8263918,0.7500393,NA,NA,NA,NA,24,Mistyped,Fast,Accepted,HKJL,ClosedByDeadzone,0,1,0.4,1000,2,1,Running,NA,0.4166667,1,0.25,0.4166667,0.7685151,0,Rejected,KeySequence,24,
2020-05-07,09:26:16.0014,1,1,InputWindowOpen,NA,3,NA,NA,NA,NA,NA,NA,NA,NA,NA,NA,NA,NA,NA,NA,NA,NA,NA,NA,NA,NA,NA,NA,0,1,0.4,1000,2,1,Running,NA,0.4166667,1,0.25,0.4166667,0.7685151,0,Rejected,KeySequence,24,
2020-05-07,09:26:15.9944,1,1,KeyDown,NA,3,NA,NA,NA,NA,NA,NA,NA,NA,NA,H,0,0,0,CorrectKey,H,K,25,Correct,Fast,Accepted,HKJL,ClosedByInputThreshold,0,1,0.4,1000,2,1,Running,NA,0.4166667,1,0.25,0.4166667,0.7685151,1,Accepted,KeySequence,25,
2020-05-07,09:26:16.1340,1,1,KeyDown,NA,3,NA,NA,NA,NA,NA,NA,NA,NA,NA,J,0.1388804,0.1388804,NA,WrongKey,H,K,25,Correct,Fast,Accepted,HKJL,ClosedByInputThreshold,0,1,0.4,1000,2,1,Running,NA,0.4166667,1,0.25,0.4166667,0.7685151,1,Accepted,KeySequence,25,
2020-05-07,09:26:16.1893,1,1,KeyDown,NA,3,NA,NA,NA,NA,NA,NA,NA,NA,NA,L,0.1944749,0.0555945,NA,WrongKey,J,None,25,Correct,Fast,Accepted,HKJL,ClosedByInputThreshold,0,1,0.4,1000,2,1,Running,NA,0.4166667,1,0.25,0.4166667,0.7685151,1,Accepted,KeySequence,25,
2020-05-07,09:26:16.3489,1,1,KeyDown,NA,3,NA,NA,NA,NA,NA,NA,NA,NA,NA,J,0.354131,0.1596561,NA,WrongKey,L,None,25,Correct,Fast,Accepted,HKJL,ClosedByInputThreshold,0,1,0.4,1000,2,1,Running,NA,0.4166667,1,0.25,0.4166667,0.7685151,1,Accepted,KeySequence,25,
2020-05-07,09:26:16.3489,1,1,KeySequenceStopped,NA,3,NA,NA,NA,NA,NA,NA,NA,NA,NA,NA,0.3610821,0.0069511,NA,NA,NA,NA,25,Correct,Fast,Accepted,HKJL,ClosedByInputThreshold,0,1,0.4,1000,2,1,Running,NA,0.4166667,1,0.25,0.4166667,0.7685151,1,Accepted,KeySequence,25,
2020-05-07,09:26:16.3489,1,1,[gameevent],InputAccepted,3,NA,NA,NA,NA,NA,NA,2,5,NA,NA,NA,NA,NA,NA,NA,NA,NA,NA,NA,NA,NA,NA,0,1,0.4,1000,2,1,Running,NA,0.4166667,1,0.25,0.4166667,0.7685151,1,Accepted,KeySequence,25,
2020-05-07,09:26:16.3489,1,1,InputWindowClosed,NA,3,NA,NA,NA,NA,NA,NA,NA,NA,NA,NA,NA,NA,NA,NA,NA,NA,NA,NA,NA,NA,NA,NA,0,1,0.4,1000,2,1,Running,NA,0.4166667,1,0.25,0.4166667,0.7685151,1,Accepted,KeySequence,25,
2020-05-07,09:26:16.3489,1,1,DecisionAcceptAllInput,NA,3,NA,NA,NA,NA,NA,NA,NA,NA,NA,NA,NA,NA,NA,NA,NA,NA,NA,NA,NA,NA,NA,NA,0,1,0.4,1000,2,1,Running,NA,0.4615385,1,0.25,0.4615385,0.9445392,1,Accepted,KeySequence,25,
2020-05-07,09:26:16.3489,1,1,[gameevent],Feedback,3,12,13,Success,NA,NA,NA,1,5,NA,NA,NA,NA,NA,NA,NA,NA,NA,NA,NA,NA,NA,NA,0,1,0.4,1000,2,1,Running,NA,0.4615385,1,0.25,0.4615385,0.9445392,1,Accepted,KeySequence,25,
2020-05-07,09:26:16.4536,1,1,KeyDown,NA,3,NA,NA,NA,NA,NA,NA,NA,NA,NA,BackQuote,0,0,NA,WrongKey,H,K,26,Mistyped,Fast,Accepted,HKJL,ClosedByDeadzone,0,1,0.4,1000,2,1,Running,NA,0.4615385,1,0.25,0.4615385,0.9445392,0,Rejected,KeySequence,26,
2020-05-07,09:26:17.2032,1,1,KeySequenceStopped,NA,3,NA,NA,NA,NA,NA,NA,NA,NA,NA,NA,0.7569273,0.7569273,NA,NA,NA,NA,26,Mistyped,Fast,Accepted,HKJL,ClosedByDeadzone,0,1,0.4,1000,2,1,Running,NA,0.4615385,1,0.25,0.4615385,0.9445392,0,Rejected,KeySequence,26,
2020-05-07,09:26:19.1135,1,1,InputWindowOpen,NA,3,NA,NA,NA,NA,NA,NA,NA,NA,NA,NA,NA,NA,NA,NA,NA,NA,NA,NA,NA,NA,NA,NA,0,1,0.4,1000,2,1,Running,NA,0.4615385,1,0.25,0.4615385,0.9445392,0,Rejected,KeySequence,26,
2020-05-07,09:26:19.0370,1,1,KeyDown,NA,3,NA,NA,NA,NA,NA,NA,NA,NA,NA,H,0,0,0,CorrectKey,H,K,27,Correct,Fast,Accepted,HKJL,ClosedByInputThreshold,0,1,0.4,1000,2,1,Running,NA,0.4615385,1,0.25,0.4615385,0.9445392,1,Accepted,KeySequence,27,
2020-05-07,09:26:19.2592,1,1,KeyDown,NA,3,NA,NA,NA,NA,NA,NA,NA,NA,NA,J,0.222178,0.222178,NA,WrongKey,H,K,27,Correct,Fast,Accepted,HKJL,ClosedByInputThreshold,0,1,0.4,1000,2,1,Running,NA,0.4615385,1,0.25,0.4615385,0.9445392,1,Accepted,KeySequence,27,
2020-05-07,09:26:19.2592,1,1,KeyDown,NA,3,NA,NA,NA,NA,NA,NA,NA,NA,NA,U,0.222178,0,NA,WrongKey,J,None,27,Correct,Fast,Accepted,HKJL,ClosedByInputThreshold,0,1,0.4,1000,2,1,Running,NA,0.4615385,1,0.25,0.4615385,0.9445392,1,Accepted,KeySequence,27,
2020-05-07,09:26:19.3141,1,1,KeyDown,NA,3,NA,NA,NA,NA,NA,NA,NA,NA,NA,L,0.2776815,0.0555035,3,CorrectKey,L,None,27,Correct,Fast,Accepted,HKJL,ClosedByInputThreshold,0,1,0.4,1000,2,1,Running,NA,0.4615385,1,0.25,0.4615385,0.9445392,1,Accepted,KeySequence,27,
2020-05-07,09:26:19.3150,1,1,KeySequenceStopped,NA,3,NA,NA,NA,NA,NA,NA,NA,NA,NA,NA,0.2847643,0.0070828,NA,NA,NA,NA,27,Correct,Fast,Accepted,HKJL,ClosedByInputThreshold,0,1,0.4,1000,2,1,Running,NA,0.4615385,1,0.25,0.4615385,0.9445392,1,Accepted,KeySequence,27,
2020-05-07,09:26:19.3150,1,1,[gameevent],InputAccepted,3,NA,NA,NA,NA,NA,NA,1,5,NA,NA,NA,NA,NA,NA,NA,NA,NA,NA,NA,NA,NA,NA,0,1,0.4,1000,2,1,Running,NA,0.4615385,1,0.25,0.4615385,0.9445392,1,Accepted,KeySequence,27,
2020-05-07,09:26:19.3150,1,1,InputWindowClosed,NA,3,NA,NA,NA,NA,NA,NA,NA,NA,NA,NA,NA,NA,NA,NA,NA,NA,NA,NA,NA,NA,NA,NA,0,1,0.4,1000,2,1,Running,NA,0.4615385,1,0.25,0.4615385,0.9445392,1,Accepted,KeySequence,27,
2020-05-07,09:26:19.3150,1,1,DecisionAcceptAllInput,NA,3,NA,NA,NA,NA,NA,NA,NA,NA,NA,NA,NA,NA,NA,NA,NA,NA,NA,NA,NA,NA,NA,NA,0,1,0.4,1000,2,1,Running,NA,0.5,1,0.25,0.5,0.7680211,1,Accepted,KeySequence,27,
2020-05-07,09:26:19.3150,1,1,[gameevent],Feedback,3,13,14,Success,NA,NA,NA,0,3,NA,NA,NA,NA,NA,NA,NA,NA,NA,NA,NA,NA,NA,NA,0,1,0.4,1000,2,1,Running,NA,0.5,1,0.25,0.5,0.7680211,1,Accepted,KeySequence,27,
2020-05-07,09:26:19.4746,1,1,KeyDown,NA,3,NA,NA,NA,NA,NA,NA,NA,NA,NA,J,0,0,NA,WrongKey,H,K,28,Mistyped,Fast,Accepted,HKJL,ClosedByDeadzone,0,1,0.4,1000,2,1,Running,NA,0.5,1,0.25,0.5,0.7680211,0,Rejected,KeySequence,28,
2020-05-07,09:26:19.5504,1,1,KeyDown,NA,3,NA,NA,NA,NA,NA,NA,NA,NA,NA,BackQuote,0.0762754,0.0762754,NA,WrongKey,H,K,28,Mistyped,Fast,Accepted,HKJL,ClosedByDeadzone,0,1,0.4,1000,2,1,Running,NA,0.5,1,0.25,0.5,0.7680211,0,Rejected,KeySequence,28,
2020-05-07,09:26:20.3007,1,1,KeySequenceStopped,NA,3,NA,NA,NA,NA,NA,NA,NA,NA,NA,NA,0.8333498,0.7570744,NA,NA,NA,NA,28,Mistyped,Fast,Accepted,HKJL,ClosedByDeadzone,0,1,0.4,1000,2,1,Running,NA,0.5,1,0.25,0.5,0.7680211,0,Rejected,KeySequence,28,
2020-05-07,09:26:21.5991,1,1,[gameevent],BlockEnded,3,NA,NA,NA,Win,2,1,NA,NA,M - Perch (UnityEngine.Sprite),NA,NA,NA,NA,NA,NA,NA,NA,NA,NA,NA,NA,NA,0,1,0.4,1000,2,1,Running,NA,0.5,1,0.25,0.5,0.7680211,0,Rejected,KeySequence,28,
2020-05-07,09:26:25.5299,1,1,[gameevent],HookMoved,3,NA,NA,NA,Win,2,1,1,3,M - Perch (UnityEngine.Sprite),NA,NA,NA,NA,NA,NA,NA,NA,NA,NA,NA,NA,NA,0,1,0.4,1000,2,1,Running,NA,0.5,1,0.25,0.5,0.7680211,0,Rejected,KeySequence,28,
2020-05-07,09:26:25.5299,1,1,KeyDown,NA,3,NA,NA,NA,NA,NA,NA,NA,NA,NA,DownArrow,0,0,NA,WrongKey,H,K,29,Mistyped,Fast,Accepted,HKJL,ClosedByDeadzone,0,1,0.4,1000,2,1,Running,NA,0.5,1,0.25,0.5,0.7680211,0,Rejected,KeySequence,29,
2020-05-07,09:26:26.2729,1,1,KeySequenceStopped,NA,3,NA,NA,NA,NA,NA,NA,NA,NA,NA,NA,0.7500403,0.7500403,NA,NA,NA,NA,29,Mistyped,Fast,Accepted,HKJL,ClosedByDeadzone,0,1,0.4,1000,2,1,Running,NA,0.5,1,0.25,0.5,0.7680211,0,Rejected,KeySequence,29,
2020-05-07,09:26:30.6965,1,1,[gameevent],FishHooked,3,NA,NA,NA,NA,NA,NA,1,3,NA,NA,NA,NA,NA,NA,NA,NA,NA,NA,NA,NA,NA,NA,0,1,0.4,1000,2,1,Running,NA,0.5,1,0.25,0.5,0.7680211,0,Rejected,KeySequence,29,
2020-05-07,09:26:32.6892,1,1,InputWindowOpen,NA,3,NA,NA,NA,NA,NA,NA,NA,NA,NA,NA,NA,NA,NA,NA,NA,NA,NA,NA,NA,NA,NA,NA,0,1,0.4,1000,2,1,Running,NA,0.5,1,0.25,0.5,0.7680211,0,Rejected,KeySequence,29,
2020-05-07,09:26:32.7799,1,1,KeyDown,NA,3,NA,NA,NA,NA,NA,NA,NA,NA,NA,H,0,0,0,CorrectKey,H,K,30,Correct,Fast,Accepted,HKJL,ClosedByInputThreshold,0,1,0.4,1000,2,1,Running,NA,0.5,1,0.25,0.5,0.7680211,1,Accepted,KeySequence,30,
2020-05-07,09:26:32.9116,1,1,KeyDown,NA,3,NA,NA,NA,NA,NA,NA,NA,NA,NA,L,0.1319045,0.1319045,NA,WrongKey,H,K,30,Correct,Fast,Accepted,HKJL,ClosedByInputThreshold,0,1,0.4,1000,2,1,Running,NA,0.5,1,0.25,0.5,0.7680211,1,Accepted,KeySequence,30,
2020-05-07,09:26:33.0223,1,1,KeyDown,NA,3,NA,NA,NA,NA,NA,NA,NA,NA,NA,J,0.2428935,0.110989,2,CorrectKey,J,None,30,Correct,Fast,Accepted,HKJL,ClosedByInputThreshold,0,1,0.4,1000,2,1,Running,NA,0.5,1,0.25,0.5,0.7680211,1,Accepted,KeySequence,30,
2020-05-07,09:26:33.1409,1,1,KeyDown,NA,3,NA,NA,NA,NA,NA,NA,NA,NA,NA,BackQuote,0.361038,0.1181445,NA,WrongKey,L,None,30,Correct,Fast,Accepted,HKJL,ClosedByInputThreshold,0,1,0.4,1000,2,1,Running,NA,0.5,1,0.25,0.5,0.7680211,1,Accepted,KeySequence,30,
2020-05-07,09:26:33.1409,1,1,KeySequenceStopped,NA,3,NA,NA,NA,NA,NA,NA,NA,NA,NA,NA,0.3681125,0.0070745,NA,NA,NA,NA,30,Correct,Fast,Accepted,HKJL,ClosedByInputThreshold,0,1,0.4,1000,2,1,Running,NA,0.5,1,0.25,0.5,0.7680211,1,Accepted,KeySequence,30,
2020-05-07,09:26:33.1409,1,1,[gameevent],InputAccepted,3,NA,NA,NA,NA,NA,NA,1,3,NA,NA,NA,NA,NA,NA,NA,NA,NA,NA,NA,NA,NA,NA,0,1,0.4,1000,2,1,Running,NA,0.5,1,0.25,0.5,0.7680211,1,Accepted,KeySequence,30,
2020-05-07,09:26:33.6965,1,1,InputWindowClosed,NA,3,NA,NA,NA,NA,NA,NA,NA,NA,NA,NA,NA,NA,NA,NA,NA,NA,NA,NA,NA,NA,NA,NA,0,1,0.4,1000,2,1,Running,NA,0.5,1,0.25,0.5,0.7680211,1,Accepted,KeySequence,30,
2020-05-07,09:26:33.6965,1,1,[gameevent],Feedback,4,14,15,Failure,NA,NA,NA,1,2,NA,NA,NA,NA,NA,NA,NA,NA,NA,NA,NA,NA,NA,NA,0,1,0.4,1000,2,1,Running,NA,0.5,1,0.25,0.5,0.7680211,1,Accepted,KeySequence,30,
2020-05-07,09:26:33.6965,1,1,DecisionRejectAllInput,NA,4,NA,NA,NA,NA,NA,NA,NA,NA,NA,NA,NA,NA,NA,NA,NA,NA,NA,NA,NA,NA,NA,NA,0,1,0.4,1000,2,1,Running,NA,0.4666667,1,0.25,0.4666667,0.9830474,1,Accepted,KeySequence,30,
2020-05-07,09:26:36.4672,1,1,InputWindowOpen,NA,4,NA,NA,NA,NA,NA,NA,NA,NA,NA,NA,NA,NA,NA,NA,NA,NA,NA,NA,NA,NA,NA,NA,0,1,0.4,1000,2,1,Running,NA,0.4666667,1,0.25,0.4666667,0.9830474,1,Accepted,KeySequence,30,
2020-05-07,09:26:36.5230,1,1,KeyDown,NA,4,NA,NA,NA,NA,NA,NA,NA,NA,NA,H,0,0,0,CorrectKey,H,K,31,Correct,Fast,Accepted,HKJL,ClosedByInputThreshold,0,1,0.4,1000,2,1,Running,NA,0.4666667,1,0.25,0.4666667,0.9830474,1,Accepted,KeySequence,31,
2020-05-07,09:26:36.6547,1,1,KeyDown,NA,4,NA,NA,NA,NA,NA,NA,NA,NA,NA,L,0.1319585,0.1319585,NA,WrongKey,H,K,31,Correct,Fast,Accepted,HKJL,ClosedByInputThreshold,0,1,0.4,1000,2,1,Running,NA,0.4666667,1,0.25,0.4666667,0.9830474,1,Accepted,KeySequence,31,
2020-05-07,09:26:36.7524,1,1,KeyDown,NA,4,NA,NA,NA,NA,NA,NA,NA,NA,NA,J,0.2291363,0.0971778,2,CorrectKey,J,None,31,Correct,Fast,Accepted,HKJL,ClosedByInputThreshold,0,1,0.4,1000,2,1,Running,NA,0.4666667,1,0.25,0.4666667,0.9830474,1,Accepted,KeySequence,31,
2020-05-07,09:26:36.8561,1,1,KeyDown,NA,4,NA,NA,NA,NA,NA,NA,NA,NA,NA,L,0.3335359,0.1043996,3,CorrectKey,L,None,31,Correct,Fast,Accepted,HKJL,ClosedByInputThreshold,0,1,0.4,1000,2,1,Running,NA,0.4666667,1,0.25,0.4666667,0.9830474,1,Accepted,KeySequence,31,
2020-05-07,09:26:36.8571,1,1,KeySequenceStopped,NA,4,NA,NA,NA,NA,NA,NA,NA,NA,NA,NA,0.3407986,0.0072627,NA,NA,NA,NA,31,Correct,Fast,Accepted,HKJL,ClosedByInputThreshold,0,1,0.4,1000,2,1,Running,NA,0.4666667,1,0.25,0.4666667,0.9830474,1,Accepted,KeySequence,31,
2020-05-07,09:26:36.8571,1,1,[gameevent],InputAccepted,4,NA,NA,NA,NA,NA,NA,1,2,NA,NA,NA,NA,NA,NA,NA,NA,NA,NA,NA,NA,NA,NA,0,1,0.4,1000,2,1,Running,NA,0.4666667,1,0.25,0.4666667,0.9830474,1,Accepted,KeySequence,31,
2020-05-07,09:26:36.8571,1,1,InputWindowClosed,NA,4,NA,NA,NA,NA,NA,NA,NA,NA,NA,NA,NA,NA,NA,NA,NA,NA,NA,NA,NA,NA,NA,NA,0,1,0.4,1000,2,1,Running,NA,0.4666667,1,0.25,0.4666667,0.9830474,1,Accepted,KeySequence,31,
2020-05-07,09:26:36.8571,1,1,DecisionAcceptAllInput,NA,4,NA,NA,NA,NA,NA,NA,NA,NA,NA,NA,NA,NA,NA,NA,NA,NA,NA,NA,NA,NA,NA,NA,0,1,0.4,1000,2,1,Running,NA,0.5,1,0.25,0.5,1.12142,1,Accepted,KeySequence,31,
2020-05-07,09:26:36.8571,1,1,[gameevent],Feedback,4,15,16,Success,NA,NA,NA,0,3,NA,NA,NA,NA,NA,NA,NA,NA,NA,NA,NA,NA,NA,NA,0,1,0.4,1000,2,1,Running,NA,0.5,1,0.25,0.5,1.12142,1,Accepted,KeySequence,31,
2020-05-07,09:26:36.9249,1,1,KeyDown,NA,4,NA,NA,NA,NA,NA,NA,NA,NA,NA,J,0,0,NA,WrongKey,H,K,32,Mistyped,Fast,Accepted,HKJL,ClosedByDeadzone,0,1,0.4,1000,2,1,Running,NA,0.5,1,0.25,0.5,1.12142,0,Rejected,KeySequence,32,
2020-05-07,09:26:37.0017,1,1,KeyDown,NA,4,NA,NA,NA,NA,NA,NA,NA,NA,NA,BackQuote,0.076451,0.076451,NA,WrongKey,H,K,32,Mistyped,Fast,Accepted,HKJL,ClosedByDeadzone,0,1,0.4,1000,2,1,Running,NA,0.5,1,0.25,0.5,1.12142,0,Rejected,KeySequence,32,
2020-05-07,09:26:37.7449,1,1,KeySequenceStopped,NA,4,NA,NA,NA,NA,NA,NA,NA,NA,NA,NA,0.8266181,0.7501671,NA,NA,NA,NA,32,Mistyped,Fast,Accepted,HKJL,ClosedByDeadzone,0,1,0.4,1000,2,1,Running,NA,0.5,1,0.25,0.5,1.12142,0,Rejected,KeySequence,32,
2020-05-07,09:26:39.1542,1,1,[gameevent],BlockEnded,4,NA,NA,NA,Win,3,1,NA,NA,S - Pumpkinseed (UnityEngine.Sprite),NA,NA,NA,NA,NA,NA,NA,NA,NA,NA,NA,NA,NA,0,1,0.4,1000,2,1,Running,NA,0.5,1,0.25,0.5,1.12142,0,Rejected,KeySequence,32,
2020-05-07,09:26:45.8839,1,1,[gameevent],HookMoved,4,NA,NA,NA,Win,3,1,1,3,S - Pumpkinseed (UnityEngine.Sprite),NA,NA,NA,NA,NA,NA,NA,NA,NA,NA,NA,NA,NA,0,1,0.4,1000,2,1,Running,NA,0.5,1,0.25,0.5,1.12142,0,Rejected,KeySequence,32,
2020-05-07,09:26:45.8839,1,1,KeyDown,NA,4,NA,NA,NA,NA,NA,NA,NA,NA,NA,DownArrow,0,0,NA,WrongKey,H,K,33,Mistyped,Fast,Accepted,HKJL,ClosedByDeadzone,0,1,0.4,1000,2,1,Running,NA,0.5,1,0.25,0.5,1.12142,0,Rejected,KeySequence,33,
2020-05-07,09:26:46.6340,1,1,KeySequenceStopped,NA,4,NA,NA,NA,NA,NA,NA,NA,NA,NA,NA,0.7570073,0.7570073,NA,NA,NA,NA,33,Mistyped,Fast,Accepted,HKJL,ClosedByDeadzone,0,1,0.4,1000,2,1,Running,NA,0.5,1,0.25,0.5,1.12142,0,Rejected,KeySequence,33,
2020-05-07,09:26:48.2308,1,1,[gameevent],HookMoved,4,NA,NA,NA,NA,NA,NA,2,3,NA,NA,NA,NA,NA,NA,NA,NA,NA,NA,NA,NA,NA,NA,0,1,0.4,1000,2,1,Running,NA,0.5,1,0.25,0.5,1.12142,0,Rejected,KeySequence,33,
2020-05-07,09:26:47.2378,1,1,KeyDown,NA,4,NA,NA,NA,NA,NA,NA,NA,NA,NA,DownArrow,0,0,NA,WrongKey,H,K,34,Correct,Slow,Accepted,HKJL,ClosedByInputThreshold,0,1,0.4,1000,2,1,Running,NA,0.5,1,0.25,0.5,1.12142,1,Accepted,KeySequence,34,
2020-05-07,09:26:47.5710,1,1,KeyDown,NA,4,NA,NA,NA,NA,NA,NA,NA,NA,NA,DownArrow,0.3334914,0.3334914,NA,WrongKey,H,K,34,Correct,Slow,Accepted,HKJL,ClosedByInputThreshold,0,1,0.4,1000,2,1,Running,NA,0.5,1,0.25,0.5,1.12142,1,Accepted,KeySequence,34,
2020-05-07,09:26:47.9395,1,1,KeyDown,NA,4,NA,NA,NA,NA,NA,NA,NA,NA,NA,DownArrow,0.701528,0.3680365,NA,WrongKey,J,None,34,Correct,Slow,Accepted,HKJL,ClosedByInputThreshold,0,1,0.4,1000,2,1,Running,NA,0.5,1,0.25,0.5,1.12142,1,Accepted,KeySequence,34,
2020-05-07,09:26:48.2308,1,1,KeyDown,NA,4,NA,NA,NA,NA,NA,NA,NA,NA,NA,DownArrow,0.9932134,0.2916854,NA,WrongKey,L,None,34,Correct,Slow,Accepted,HKJL,ClosedByInputThreshold,0,1,0.4,1000,2,1,Running,NA,0.5,1,0.25,0.5,1.12142,1,Accepted,KeySequence,34,
2020-05-07,09:26:48.2308,1,1,KeySequenceStopped,NA,4,NA,NA,NA,NA,NA,NA,NA,NA,NA,NA,1.000158,0.0069442,NA,NA,NA,NA,34,Correct,Slow,Accepted,HKJL,ClosedByInputThreshold,0,1,0.4,1000,2,1,Running,NA,0.5,1,0.25,0.5,1.12142,1,Accepted,KeySequence,34,
2020-05-07,09:26:48.7584,1,1,[gameevent],FishMissed,4,NA,NA,NA,NA,NA,NA,2,3,NA,NA,NA,NA,NA,NA,NA,NA,NA,NA,NA,NA,NA,NA,0,1,0.4,1000,2,1,Running,NA,0.5,1,0.25,0.5,1.12142,1,Accepted,KeySequence,34,
2020-05-07,09:26:59.2586,1,1,[gameevent],FishHooked,4,NA,NA,NA,NA,NA,NA,2,3,NA,NA,NA,NA,NA,NA,NA,NA,NA,NA,NA,NA,NA,NA,0,1,0.4,1000,2,1,Running,NA,0.5,1,0.25,0.5,1.12142,1,Accepted,KeySequence,34,
2020-05-07,09:26:58.9115,1,1,KeyDown,NA,4,NA,NA,NA,NA,NA,NA,NA,NA,NA,H,0,0,0,CorrectKey,H,K,35,Correct,Fast,Accepted,HKJL,ClosedByInputThreshold,0,1,0.4,1000,2,1,Running,NA,0.5,1,0.25,0.5,1.12142,1,Accepted,KeySequence,35,
2020-05-07,09:26:59.0850,1,1,KeyDown,NA,4,NA,NA,NA,NA,NA,NA,NA,NA,NA,L,0.1737739,0.1737739,NA,WrongKey,H,K,35,Correct,Fast,Accepted,HKJL,ClosedByInputThreshold,0,1,0.4,1000,2,1,Running,NA,0.5,1,0.25,0.5,1.12142,1,Accepted,KeySequence,35,
2020-05-07,09:26:59.1967,1,1,KeyDown,NA,4,NA,NA,NA,NA,NA,NA,NA,NA,NA,J,0.2847103,0.1109364,2,CorrectKey,J,None,35,Correct,Fast,Accepted,HKJL,ClosedByInputThreshold,0,1,0.4,1000,2,1,Running,NA,0.5,1,0.25,0.5,1.12142,1,Accepted,KeySequence,35,
2020-05-07,09:26:59.3074,1,1,KeyDown,NA,4,NA,NA,NA,NA,NA,NA,NA,NA,NA,BackQuote,0.395889,0.1111787,NA,WrongKey,L,None,35,Correct,Fast,Accepted,HKJL,ClosedByInputThreshold,0,1,0.4,1000,2,1,Running,NA,0.5,1,0.25,0.5,1.12142,1,Accepted,KeySequence,35,
2020-05-07,09:26:59.3074,1,1,KeySequenceStopped,NA,4,NA,NA,NA,NA,NA,NA,NA,NA,NA,NA,0.4028437,0.0069547,NA,NA,NA,NA,35,Correct,Fast,Accepted,HKJL,ClosedByInputThreshold,0,1,0.4,1000,2,1,Running,NA,0.5,1,0.25,0.5,1.12142,1,Accepted,KeySequence,35,
2020-05-07,09:27:01.2514,1,1,InputWindowOpen,NA,4,NA,NA,NA,NA,NA,NA,NA,NA,NA,NA,NA,NA,NA,NA,NA,NA,NA,NA,NA,NA,NA,NA,0,1,0.4,1000,2,1,Running,NA,0.5,1,0.25,0.5,1.12142,1,Accepted,KeySequence,35,
2020-05-07,09:27:01.3911,1,1,KeyDown,NA,4,NA,NA,NA,NA,NA,NA,NA,NA,NA,H,0,0,0,CorrectKey,H,K,36,Correct,Fast,Accepted,HKJL,ClosedByInputThreshold,0,1,0.4,1000,2,1,Running,NA,0.5,1,0.25,0.5,1.12142,1,Accepted,KeySequence,36,
2020-05-07,09:27:01.4949,1,1,KeyDown,NA,4,NA,NA,NA,NA,NA,NA,NA,NA,NA,J,0.1041719,0.1041719,NA,WrongKey,H,K,36,Correct,Fast,Accepted,HKJL,ClosedByInputThreshold,0,1,0.4,1000,2,1,Running,NA,0.5,1,0.25,0.5,1.12142,1,Accepted,KeySequence,36,
2020-05-07,09:27:01.5088,1,1,KeyDown,NA,4,NA,NA,NA,NA,NA,NA,NA,NA,NA,L,0.1180173,0.0138454,NA,WrongKey,J,None,36,Correct,Fast,Accepted,HKJL,ClosedByInputThreshold,0,1,0.4,1000,2,1,Running,NA,0.5,1,0.25,0.5,1.12142,1,Accepted,KeySequence,36,
2020-05-07,09:27:01.7104,1,1,KeyDown,NA,4,NA,NA,NA,NA,NA,NA,NA,NA,NA,BackQuote,0.3194544,0.2014371,NA,WrongKey,L,None,36,Correct,Fast,Accepted,HKJL,ClosedByInputThreshold,0,1,0.4,1000,2,1,Running,NA,0.5,1,0.25,0.5,1.12142,1,Accepted,KeySequence,36,
2020-05-07,09:27:01.7104,1,1,KeySequenceStopped,NA,4,NA,NA,NA,NA,NA,NA,NA,NA,NA,NA,0.3264106,0.0069562,NA,NA,NA,NA,36,Correct,Fast,Accepted,HKJL,ClosedByInputThreshold,0,1,0.4,1000,2,1,Running,NA,0.5,1,0.25,0.5,1.12142,1,Accepted,KeySequence,36,
2020-05-07,09:27:01.7104,1,1,[gameevent],InputAccepted,4,NA,NA,NA,NA,NA,NA,2,3,NA,NA,NA,NA,NA,NA,NA,NA,NA,NA,NA,NA,NA,NA,0,1,0.4,1000,2,1,Running,NA,0.5,1,0.25,0.5,1.12142,1,Accepted,KeySequence,36,
2020-05-07,09:27:02.2590,1,1,InputWindowClosed,NA,4,NA,NA,NA,NA,NA,NA,NA,NA,NA,NA,NA,NA,NA,NA,NA,NA,NA,NA,NA,NA,NA,NA,0,1,0.4,1000,2,1,Running,NA,0.5,1,0.25,0.5,1.12142,1,Accepted,KeySequence,36,
2020-05-07,09:27:02.2600,1,1,[gameevent],Feedback,5,16,17,Failure,NA,NA,NA,2,4,NA,NA,NA,NA,NA,NA,NA,NA,NA,NA,NA,NA,NA,NA,0,1,0.4,1000,2,1,Running,NA,0.5,1,0.25,0.5,1.12142,1,Accepted,KeySequence,36,
2020-05-07,09:27:02.2600,1,1,DecisionRejectAllInput,NA,5,NA,NA,NA,NA,NA,NA,NA,NA,NA,NA,NA,NA,NA,NA,NA,NA,NA,NA,NA,NA,NA,NA,0,1,0.4,1000,2,1,Running,NA,0.4705882,1,0.25,0.4705882,0.9306748,1,Accepted,KeySequence,36,
2020-05-07,09:27:01.8212,1,1,KeyDown,NA,5,NA,NA,NA,NA,NA,NA,NA,NA,NA,J,0,0,NA,WrongKey,H,K,37,Mistyped,Fast,Accepted,HKJL,ClosedByDeadzone,0,1,0.4,1000,2,1,Running,NA,0.4705882,1,0.25,0.4705882,0.9306748,0,Rejected,KeySequence,37,
2020-05-07,09:27:01.9807,1,1,KeyDown,NA,5,NA,NA,NA,NA,NA,NA,NA,NA,NA,BackQuote,0.1596909,0.1596909,NA,WrongKey,H,K,37,Mistyped,Fast,Accepted,HKJL,ClosedByDeadzone,0,1,0.4,1000,2,1,Running,NA,0.4705882,1,0.25,0.4705882,0.9306748,0,Rejected,KeySequence,37,
2020-05-07,09:27:02.7238,1,1,KeySequenceStopped,NA,5,NA,NA,NA,NA,NA,NA,NA,NA,NA,NA,0.9097457,0.7500547,NA,NA,NA,NA,37,Mistyped,Fast,Accepted,HKJL,ClosedByDeadzone,0,1,0.4,1000,2,1,Running,NA,0.4705882,1,0.25,0.4705882,0.9306748,0,Rejected,KeySequence,37,
2020-05-07,09:27:05.0371,1,1,InputWindowOpen,NA,5,NA,NA,NA,NA,NA,NA,NA,NA,NA,NA,NA,NA,NA,NA,NA,NA,NA,NA,NA,NA,NA,NA,0,1,0.4,1000,2,1,Running,NA,0.4705882,1,0.25,0.4705882,0.9306748,0,Rejected,KeySequence,37,
2020-05-07,09:27:04.9672,1,1,KeyDown,NA,5,NA,NA,NA,NA,NA,NA,NA,NA,NA,H,0,0,0,CorrectKey,H,K,38,Correct,Fast,Accepted,HKJL,ClosedByInputThreshold,0,1,0.4,1000,2,1,Running,NA,0.4705882,1,0.25,0.4705882,0.9306748,1,Accepted,KeySequence,38,
2020-05-07,09:27:05.0850,1,1,KeyDown,NA,5,NA,NA,NA,NA,NA,NA,NA,NA,NA,L,0.1179927,0.1179927,NA,WrongKey,H,K,38,Correct,Fast,Accepted,HKJL,ClosedByInputThreshold,0,1,0.4,1000,2,1,Running,NA,0.4705882,1,0.25,0.4705882,0.9306748,1,Accepted,KeySequence,38,
2020-05-07,09:27:05.1617,1,1,KeyDown,NA,5,NA,NA,NA,NA,NA,NA,NA,NA,NA,J,0.1943852,0.07639249,2,CorrectKey,J,None,38,Correct,Fast,Accepted,HKJL,ClosedByInputThreshold,0,1,0.4,1000,2,1,Running,NA,0.4705882,1,0.25,0.4705882,0.9306748,1,Accepted,KeySequence,38,
2020-05-07,09:27:05.2795,1,1,KeyDown,NA,5,NA,NA,NA,NA,NA,NA,NA,NA,NA,BackQuote,0.3125033,0.1181181,NA,WrongKey,L,None,38,Correct,Fast,Accepted,HKJL,ClosedByInputThreshold,0,1,0.4,1000,2,1,Running,NA,0.4705882,1,0.25,0.4705882,0.9306748,1,Accepted,KeySequence,38,
2020-05-07,09:27:05.2804,1,1,KeySequenceStopped,NA,5,NA,NA,NA,NA,NA,NA,NA,NA,NA,NA,0.3196185,0.0071152,NA,NA,NA,NA,38,Correct,Fast,Accepted,HKJL,ClosedByInputThreshold,0,1,0.4,1000,2,1,Running,NA,0.4705882,1,0.25,0.4705882,0.9306748,1,Accepted,KeySequence,38,
2020-05-07,09:27:05.2804,1,1,[gameevent],InputAccepted,5,NA,NA,NA,NA,NA,NA,2,4,NA,NA,NA,NA,NA,NA,NA,NA,NA,NA,NA,NA,NA,NA,0,1,0.4,1000,2,1,Running,NA,0.4705882,1,0.25,0.4705882,0.9306748,1,Accepted,KeySequence,38,
2020-05-07,09:27:05.2804,1,1,InputWindowClosed,NA,5,NA,NA,NA,NA,NA,NA,NA,NA,NA,NA,NA,NA,NA,NA,NA,NA,NA,NA,NA,NA,NA,NA,0,1,0.4,1000,2,1,Running,NA,0.4705882,1,0.25,0.4705882,0.9306748,1,Accepted,KeySequence,38,
2020-05-07,09:27:05.2804,1,1,DecisionAcceptAllInput,NA,5,NA,NA,NA,NA,NA,NA,NA,NA,NA,NA,NA,NA,NA,NA,NA,NA,NA,NA,NA,NA,NA,NA,0,1,0.4,1000,2,1,Running,NA,0.5,1,0.25,0.5,0.8519827,1,Accepted,KeySequence,38,
2020-05-07,09:27:05.2804,1,1,[gameevent],Feedback,5,17,18,Success,NA,NA,NA,1,4,NA,NA,NA,NA,NA,NA,NA,NA,NA,NA,NA,NA,NA,NA,0,1,0.4,1000,2,1,Running,NA,0.5,1,0.25,0.5,0.8519827,1,Accepted,KeySequence,38,
2020-05-07,09:27:08.0506,1,1,InputWindowOpen,NA,5,NA,NA,NA,NA,NA,NA,NA,NA,NA,NA,NA,NA,NA,NA,NA,NA,NA,NA,NA,NA,NA,NA,0,1,0.4,1000,2,1,Running,NA,0.5,1,0.25,0.5,0.8519827,1,Accepted,KeySequence,38,
2020-05-07,09:27:08.1753,1,1,KeyDown,NA,5,NA,NA,NA,NA,NA,NA,NA,NA,NA,H,0,0,0,CorrectKey,H,K,39,Correct,Fast,Accepted,HKJL,ClosedByInputThreshold,0,1,0.4,1000,2,1,Running,NA,0.5,1,0.25,0.5,0.8519827,1,Accepted,KeySequence,39,
2020-05-07,09:27:08.2940,1,1,KeyDown,NA,5,NA,NA,NA,NA,NA,NA,NA,NA,NA,L,0.1181099,0.1181099,NA,WrongKey,H,K,39,Correct,Fast,Accepted,HKJL,ClosedByInputThreshold,0,1,0.4,1000,2,1,Running,NA,0.5,1,0.25,0.5,0.8519827,1,Accepted,KeySequence,39,
2020-05-07,09:27:08.3838,1,1,KeyDown,NA,5,NA,NA,NA,NA,NA,NA,NA,NA,NA,J,0.2083444,0.0902345,2,CorrectKey,J,None,39,Correct,Fast,Accepted,HKJL,ClosedByInputThreshold,0,1,0.4,1000,2,1,Running,NA,0.5,1,0.25,0.5,0.8519827,1,Accepted,KeySequence,39,
2020-05-07,09:27:08.4945,1,1,KeyDown,NA,5,NA,NA,NA,NA,NA,NA,NA,NA,NA,BackQuote,0.3201297,0.1117853,NA,WrongKey,L,None,39,Correct,Fast,Accepted,HKJL,ClosedByInputThreshold,0,1,0.4,1000,2,1,Running,NA,0.5,1,0.25,0.5,0.8519827,1,Accepted,KeySequence,39,
2020-05-07,09:27:08.4954,1,1,KeySequenceStopped,NA,5,NA,NA,NA,NA,NA,NA,NA,NA,NA,NA,0.326443,0.0063133,NA,NA,NA,NA,39,Correct,Fast,Accepted,HKJL,ClosedByInputThreshold,0,1,0.4,1000,2,1,Running,NA,0.5,1,0.25,0.5,0.8519827,1,Accepted,KeySequence,39,
2020-05-07,09:27:08.4954,1,1,[gameevent],InputAccepted,5,NA,NA,NA,NA,NA,NA,1,4,NA,NA,NA,NA,NA,NA,NA,NA,NA,NA,NA,NA,NA,NA,0,1,0.4,1000,2,1,Running,NA,0.5,1,0.25,0.5,0.8519827,1,Accepted,KeySequence,39,
2020-05-07,09:27:09.0579,1,1,InputWindowClosed,NA,5,NA,NA,NA,NA,NA,NA,NA,NA,NA,NA,NA,NA,NA,NA,NA,NA,NA,NA,NA,NA,NA,NA,0,1,0.4,1000,2,1,Running,NA,0.5,1,0.25,0.5,0.8519827,1,Accepted,KeySequence,39,
2020-05-07,09:27:09.0579,1,1,[gameevent],Feedback,5,18,19,Failure,NA,NA,NA,1,5,NA,NA,NA,NA,NA,NA,NA,NA,NA,NA,NA,NA,NA,NA,0,1,0.4,1000,2,1,Running,NA,0.5,1,0.25,0.5,0.8519827,1,Accepted,KeySequence,39,
2020-05-07,09:27:09.0579,1,1,DecisionRejectAllInput,NA,5,NA,NA,NA,NA,NA,NA,NA,NA,NA,NA,NA,NA,NA,NA,NA,NA,NA,NA,NA,NA,NA,NA,0,1,0.4,1000,2,1,Running,NA,0.4736842,1,0.25,0.4736842,1.152827,1,Accepted,KeySequence,39,
2020-05-07,09:27:11.8077,1,1,InputWindowOpen,NA,5,NA,NA,NA,NA,NA,NA,NA,NA,NA,NA,NA,NA,NA,NA,NA,NA,NA,NA,NA,NA,NA,NA,0,1,0.4,1000,2,1,Running,NA,0.4736842,1,0.25,0.4736842,1.152827,1,Accepted,KeySequence,39,
2020-05-07,09:27:12.0296,1,1,KeyDown,NA,5,NA,NA,NA,NA,NA,NA,NA,NA,NA,H,0,0,0,CorrectKey,H,K,40,Correct,Fast,Accepted,HKJL,ClosedByInputThreshold,0,1,0.4,1000,2,1,Running,NA,0.4736842,1,0.25,0.4736842,1.152827,1,Accepted,KeySequence,40,
2020-05-07,09:27:12.1404,1,1,KeyDown,NA,5,NA,NA,NA,NA,NA,NA,NA,NA,NA,L,0.1110134,0.1110134,NA,WrongKey,H,K,40,Correct,Fast,Accepted,HKJL,ClosedByInputThreshold,0,1,0.4,1000,2,1,Running,NA,0.4736842,1,0.25,0.4736842,1.152827,1,Accepted,KeySequence,40,
2020-05-07,09:27:12.2449,1,1,KeyDown,NA,5,NA,NA,NA,NA,NA,NA,NA,NA,NA,J,0.2151409,0.1041275,2,CorrectKey,J,None,40,Correct,Fast,Accepted,HKJL,ClosedByInputThreshold,0,1,0.4,1000,2,1,Running,NA,0.4736842,1,0.25,0.4736842,1.152827,1,Accepted,KeySequence,40,
2020-05-07,09:27:12.3702,1,1,KeyDown,NA,5,NA,NA,NA,NA,NA,NA,NA,NA,NA,BackQuote,0.3401251,0.1249842,NA,WrongKey,L,None,40,Correct,Fast,Accepted,HKJL,ClosedByInputThreshold,0,1,0.4,1000,2,1,Running,NA,0.4736842,1,0.25,0.4736842,1.152827,1,Accepted,KeySequence,40,
2020-05-07,09:27:12.3702,1,1,KeySequenceStopped,NA,5,NA,NA,NA,NA,NA,NA,NA,NA,NA,NA,0.3474044,0.0072793,NA,NA,NA,NA,40,Correct,Fast,Accepted,HKJL,ClosedByInputThreshold,0,1,0.4,1000,2,1,Running,NA,0.4736842,1,0.25,0.4736842,1.152827,1,Accepted,KeySequence,40,
2020-05-07,09:27:12.3702,1,1,[gameevent],InputAccepted,5,NA,NA,NA,NA,NA,NA,1,5,NA,NA,NA,NA,NA,NA,NA,NA,NA,NA,NA,NA,NA,NA,0,1,0.4,1000,2,1,Running,NA,0.4736842,1,0.25,0.4736842,1.152827,1,Accepted,KeySequence,40,
2020-05-07,09:27:12.8147,1,1,InputWindowClosed,NA,5,NA,NA,NA,NA,NA,NA,NA,NA,NA,NA,NA,NA,NA,NA,NA,NA,NA,NA,NA,NA,NA,NA,0,1,0.4,1000,2,1,Running,NA,0.4736842,1,0.25,0.4736842,1.152827,1,Accepted,KeySequence,40,
2020-05-07,09:27:12.8147,1,1,[gameevent],Feedback,5,19,20,Failure,NA,NA,NA,1,6,NA,NA,NA,NA,NA,NA,NA,NA,NA,NA,NA,NA,NA,NA,0,1,0.4,1000,2,1,Running,NA,0.4736842,1,0.25,0.4736842,1.152827,1,Accepted,KeySequence,40,
2020-05-07,09:27:12.8147,1,1,DecisionRejectAllInput,NA,5,NA,NA,NA,NA,NA,NA,NA,NA,NA,NA,NA,NA,NA,NA,NA,NA,NA,NA,NA,NA,NA,NA,0,1,0.4,1000,2,1,Running,NA,0.45,1,0.25,0.45,1.144236,1,Accepted,KeySequence,40,
2020-05-07,09:27:12.4675,1,1,KeyDown,NA,5,NA,NA,NA,NA,NA,NA,NA,NA,NA,Quote,0,0,NA,WrongKey,H,K,41,Mistyped,Fast,Accepted,HKJL,ClosedByDeadzone,0,1,0.4,1000,2,1,Running,NA,0.45,1,0.25,0.45,1.144236,0,Rejected,KeySequence,41,
2020-05-07,09:27:13.2176,1,1,KeySequenceStopped,NA,5,NA,NA,NA,NA,NA,NA,NA,NA,NA,NA,0.7569579,0.7569579,NA,NA,NA,NA,41,Mistyped,Fast,Accepted,HKJL,ClosedByDeadzone,0,1,0.4,1000,2,1,Running,NA,0.45,1,0.25,0.45,1.144236,0,Rejected,KeySequence,41,
2020-05-07,09:27:13.5507,1,1,[gameevent],BlockEnded,5,NA,NA,NA,Loss,3,2,NA,NA,NA,NA,NA,NA,NA,NA,NA,NA,NA,NA,NA,NA,NA,NA,0,1,0.4,1000,2,1,Running,NA,0.45,1,0.25,0.45,1.144236,0,Rejected,KeySequence,41,
2020-05-07,09:27:18.3427,1,1,[gameevent],HookMoved,5,NA,NA,NA,Loss,3,2,1,3,NA,NA,NA,NA,NA,NA,NA,NA,NA,NA,NA,NA,NA,NA,0,1,0.4,1000,2,1,Running,NA,0.45,1,0.25,0.45,1.144236,0,Rejected,KeySequence,41,
2020-05-07,09:27:18.3417,1,1,KeyDown,NA,5,NA,NA,NA,NA,NA,NA,NA,NA,NA,DownArrow,0,0,NA,WrongKey,H,K,42,Mistyped,Fast,Accepted,HKJL,ClosedByDeadzone,0,1,0.4,1000,2,1,Running,NA,0.45,1,0.25,0.45,1.144236,0,Rejected,KeySequence,42,
2020-05-07,09:27:19.0921,1,1,KeySequenceStopped,NA,5,NA,NA,NA,NA,NA,NA,NA,NA,NA,NA,0.7567997,0.7567997,NA,NA,NA,NA,42,Mistyped,Fast,Accepted,HKJL,ClosedByDeadzone,0,1,0.4,1000,2,1,Running,NA,0.45,1,0.25,0.45,1.144236,0,Rejected,KeySequence,42,
2020-05-07,09:27:20.6904,1,1,[gameevent],HookMoved,5,NA,NA,NA,NA,NA,NA,2,3,NA,NA,NA,NA,NA,NA,NA,NA,NA,NA,NA,NA,NA,NA,0,1,0.4,1000,2,1,Running,NA,0.45,1,0.25,0.45,1.144236,0,Rejected,KeySequence,42,
2020-05-07,09:27:20.6904,1,1,KeyDown,NA,5,NA,NA,NA,NA,NA,NA,NA,NA,NA,DownArrow,0,0,NA,WrongKey,H,K,43,Mistyped,Fast,Accepted,HKJL,ClosedByDeadzone,0,1,0.4,1000,2,1,Running,NA,0.45,1,0.25,0.45,1.144236,0,Rejected,KeySequence,43,
2020-05-07,09:27:21.4331,1,1,KeySequenceStopped,NA,5,NA,NA,NA,NA,NA,NA,NA,NA,NA,NA,0.7505395,0.7505395,NA,NA,NA,NA,43,Mistyped,Fast,Accepted,HKJL,ClosedByDeadzone,0,1,0.4,1000,2,1,Running,NA,0.45,1,0.25,0.45,1.144236,0,Rejected,KeySequence,43,
2020-05-07,09:27:22.5368,1,1,[gameevent],FishHooked,5,NA,NA,NA,NA,NA,NA,2,3,NA,NA,NA,NA,NA,NA,NA,NA,NA,NA,NA,NA,NA,NA,0,1,0.4,1000,2,1,Running,NA,0.45,1,0.25,0.45,1.144236,0,Rejected,KeySequence,43,
2020-05-07,09:27:24.5293,1,1,InputWindowOpen,NA,5,NA,NA,NA,NA,NA,NA,NA,NA,NA,NA,NA,NA,NA,NA,NA,NA,NA,NA,NA,NA,NA,NA,0,1,0.4,1000,2,1,Running,NA,0.45,1,0.25,0.45,1.144236,0,Rejected,KeySequence,43,
2020-05-07,09:27:24.5991,1,1,KeyDown,NA,5,NA,NA,NA,NA,NA,NA,NA,NA,NA,H,0,0,0,CorrectKey,H,K,44,Correct,Fast,Accepted,HKJL,ClosedByInputThreshold,0,1,0.4,1000,2,1,Running,NA,0.45,1,0.25,0.45,1.144236,1,Accepted,KeySequence,44,
2020-05-07,09:27:24.6829,1,1,KeyDown,NA,5,NA,NA,NA,NA,NA,NA,NA,NA,NA,L,0.0833178,0.0833178,NA,WrongKey,H,K,44,Correct,Fast,Accepted,HKJL,ClosedByInputThreshold,0,1,0.4,1000,2,1,Running,NA,0.45,1,0.25,0.45,1.144236,1,Accepted,KeySequence,44,
2020-05-07,09:27:24.7726,1,1,KeyDown,NA,5,NA,NA,NA,NA,NA,NA,NA,NA,NA,J,0.1735623,0.09024449,2,CorrectKey,J,None,44,Correct,Fast,Accepted,HKJL,ClosedByInputThreshold,0,1,0.4,1000,2,1,Running,NA,0.45,1,0.25,0.45,1.144236,1,Accepted,KeySequence,44,
2020-05-07,09:27:24.8834,1,1,KeyDown,NA,5,NA,NA,NA,NA,NA,NA,NA,NA,NA,BackQuote,0.2846954,0.1111331,NA,WrongKey,L,None,44,Correct,Fast,Accepted,HKJL,ClosedByInputThreshold,0,1,0.4,1000,2,1,Running,NA,0.45,1,0.25,0.45,1.144236,1,Accepted,KeySequence,44,
2020-05-07,09:27:24.8843,1,1,KeySequenceStopped,NA,5,NA,NA,NA,NA,NA,NA,NA,NA,NA,NA,0.2917313,0.0070359,NA,NA,NA,NA,44,Correct,Fast,Accepted,HKJL,ClosedByInputThreshold,0,1,0.4,1000,2,1,Running,NA,0.45,1,0.25,0.45,1.144236,1,Accepted,KeySequence,44,
2020-05-07,09:27:24.8843,1,1,[gameevent],InputAccepted,5,NA,NA,NA,NA,NA,NA,2,3,NA,NA,NA,NA,NA,NA,NA,NA,NA,NA,NA,NA,NA,NA,0,1,0.4,1000,2,1,Running,NA,0.45,1,0.25,0.45,1.144236,1,Accepted,KeySequence,44,
2020-05-07,09:27:24.8843,1,1,InputWindowClosed,NA,5,NA,NA,NA,NA,NA,NA,NA,NA,NA,NA,NA,NA,NA,NA,NA,NA,NA,NA,NA,NA,NA,NA,0,1,0.4,1000,2,1,Running,NA,0.45,1,0.25,0.45,1.144236,1,Accepted,KeySequence,44,
2020-05-07,09:27:24.8843,1,1,DecisionAcceptAllInput,NA,5,NA,NA,NA,NA,NA,NA,NA,NA,NA,NA,NA,NA,NA,NA,NA,NA,NA,NA,NA,NA,NA,NA,0,1,0.4,1000,2,1,Running,NA,0.4761905,1,0.25,0.4761905,1.08791,1,Accepted,KeySequence,44,
2020-05-07,09:27:24.8843,1,1,[gameevent],Feedback,6,20,21,Success,NA,NA,NA,1,3,NA,NA,NA,NA,NA,NA,NA,NA,NA,NA,NA,NA,NA,NA,0,1,0.4,1000,2,1,Running,NA,0.4761905,1,0.25,0.4761905,1.08791,1,Accepted,KeySequence,44,
2020-05-07,09:27:27.6475,1,1,InputWindowOpen,NA,6,NA,NA,NA,NA,NA,NA,NA,NA,NA,NA,NA,NA,NA,NA,NA,NA,NA,NA,NA,NA,NA,NA,0,1,0.4,1000,2,1,Running,NA,0.4761905,1,0.25,0.4761905,1.08791,1,Accepted,KeySequence,44,
2020-05-07,09:27:27.7792,1,1,KeyDown,NA,6,NA,NA,NA,NA,NA,NA,NA,NA,NA,H,0,0,0,CorrectKey,H,K,45,Correct,Fast,Accepted,HKJL,ClosedByInputThreshold,0,1,0.4,1000,2,1,Running,NA,0.4761905,1,0.25,0.4761905,1.08791,1,Accepted,KeySequence,45,
2020-05-07,09:27:27.8979,1,1,KeyDown,NA,6,NA,NA,NA,NA,NA,NA,NA,NA,NA,L,0.118205,0.118205,NA,WrongKey,H,K,45,Correct,Fast,Accepted,HKJL,ClosedByInputThreshold,0,1,0.4,1000,2,1,Running,NA,0.4761905,1,0.25,0.4761905,1.08791,1,Accepted,KeySequence,45,
2020-05-07,09:27:27.9877,1,1,KeyDown,NA,6,NA,NA,NA,NA,NA,NA,NA,NA,NA,J,0.2083619,0.0901569,2,CorrectKey,J,None,45,Correct,Fast,Accepted,HKJL,ClosedByInputThreshold,0,1,0.4,1000,2,1,Running,NA,0.4761905,1,0.25,0.4761905,1.08791,1,Accepted,KeySequence,45,
2020-05-07,09:27:28.1203,1,1,KeyDown,NA,6,NA,NA,NA,NA,NA,NA,NA,NA,NA,BackQuote,0.3404545,0.1320926,NA,WrongKey,L,None,45,Correct,Fast,Accepted,HKJL,ClosedByInputThreshold,0,1,0.4,1000,2,1,Running,NA,0.4761905,1,0.25,0.4761905,1.08791,1,Accepted,KeySequence,45,
2020-05-07,09:27:28.1203,1,1,KeySequenceStopped,NA,6,NA,NA,NA,NA,NA,NA,NA,NA,NA,NA,0.3472587,0.0068043,NA,NA,NA,NA,45,Correct,Fast,Accepted,HKJL,ClosedByInputThreshold,0,1,0.4,1000,2,1,Running,NA,0.4761905,1,0.25,0.4761905,1.08791,1,Accepted,KeySequence,45,
2020-05-07,09:27:28.1203,1,1,[gameevent],InputAccepted,6,NA,NA,NA,NA,NA,NA,1,3,NA,NA,NA,NA,NA,NA,NA,NA,NA,NA,NA,NA,NA,NA,0,1,0.4,1000,2,1,Running,NA,0.4761905,1,0.25,0.4761905,1.08791,1,Accepted,KeySequence,45,
2020-05-07,09:27:28.6548,1,1,InputWindowClosed,NA,6,NA,NA,NA,NA,NA,NA,NA,NA,NA,NA,NA,NA,NA,NA,NA,NA,NA,NA,NA,NA,NA,NA,0,1,0.4,1000,2,1,Running,NA,0.4761905,1,0.25,0.4761905,1.08791,1,Accepted,KeySequence,45,
2020-05-07,09:27:28.6548,1,1,[gameevent],Feedback,6,21,22,Failure,NA,NA,NA,1,2,NA,NA,NA,NA,NA,NA,NA,NA,NA,NA,NA,NA,NA,NA,0,1,0.4,1000,2,1,Running,NA,0.4761905,1,0.25,0.4761905,1.08791,1,Accepted,KeySequence,45,
2020-05-07,09:27:28.6548,1,1,DecisionRejectAllInput,NA,6,NA,NA,NA,NA,NA,NA,NA,NA,NA,NA,NA,NA,NA,NA,NA,NA,NA,NA,NA,NA,NA,NA,0,1,0.4,1000,2,1,Running,NA,0.4545455,1,0.25,0.4545455,0.9333416,1,Accepted,KeySequence,45,
2020-05-07,09:27:31.4256,1,1,InputWindowOpen,NA,6,NA,NA,NA,NA,NA,NA,NA,NA,NA,NA,NA,NA,NA,NA,NA,NA,NA,NA,NA,NA,NA,NA,0,1,0.4,1000,2,1,Running,NA,0.4545455,1,0.25,0.4545455,0.9333416,1,Accepted,KeySequence,45,
2020-05-07,09:27:31.4466,1,1,KeyDown,NA,6,NA,NA,NA,NA,NA,NA,NA,NA,NA,H,0,0,0,CorrectKey,H,K,46,Correct,Fast,Accepted,HKJL,ClosedByInputThreshold,0,1,0.4,1000,2,1,Running,NA,0.4545455,1,0.25,0.4545455,0.9333416,1,Accepted,KeySequence,46,
2020-05-07,09:27:31.5573,1,1,KeyDown,NA,6,NA,NA,NA,NA,NA,NA,NA,NA,NA,L,0.1111458,0.1111458,NA,WrongKey,H,K,46,Correct,Fast,Accepted,HKJL,ClosedByInputThreshold,0,1,0.4,1000,2,1,Running,NA,0.4545455,1,0.25,0.4545455,0.9333416,1,Accepted,KeySequence,46,
2020-05-07,09:27:31.7098,1,1,KeyDown,NA,6,NA,NA,NA,NA,NA,NA,NA,NA,NA,H,0.2638592,0.1527135,NA,WrongKey,J,None,46,Correct,Fast,Accepted,HKJL,ClosedByInputThreshold,0,1,0.4,1000,2,1,Running,NA,0.4545455,1,0.25,0.4545455,0.9333416,1,Accepted,KeySequence,46,
2020-05-07,09:27:31.7657,1,1,KeyDown,NA,6,NA,NA,NA,NA,NA,NA,NA,NA,NA,BackQuote,0.3195179,0.0556587,NA,WrongKey,L,None,46,Correct,Fast,Accepted,HKJL,ClosedByInputThreshold,0,1,0.4,1000,2,1,Running,NA,0.4545455,1,0.25,0.4545455,0.9333416,1,Accepted,KeySequence,46,
2020-05-07,09:27:31.7657,1,1,KeySequenceStopped,NA,6,NA,NA,NA,NA,NA,NA,NA,NA,NA,NA,0.3264749,0.006957,NA,NA,NA,NA,46,Correct,Fast,Accepted,HKJL,ClosedByInputThreshold,0,1,0.4,1000,2,1,Running,NA,0.4545455,1,0.25,0.4545455,0.9333416,1,Accepted,KeySequence,46,
2020-05-07,09:27:31.7657,1,1,[gameevent],InputAccepted,6,NA,NA,NA,NA,NA,NA,1,2,NA,NA,NA,NA,NA,NA,NA,NA,NA,NA,NA,NA,NA,NA,0,1,0.4,1000,2,1,Running,NA,0.4545455,1,0.25,0.4545455,0.9333416,1,Accepted,KeySequence,46,
2020-05-07,09:27:31.7657,1,1,InputWindowClosed,NA,6,NA,NA,NA,NA,NA,NA,NA,NA,NA,NA,NA,NA,NA,NA,NA,NA,NA,NA,NA,NA,NA,NA,0,1,0.4,1000,2,1,Running,NA,0.4545455,1,0.25,0.4545455,0.9333416,1,Accepted,KeySequence,46,
2020-05-07,09:27:31.7657,1,1,DecisionAcceptAllInput,NA,6,NA,NA,NA,NA,NA,NA,NA,NA,NA,NA,NA,NA,NA,NA,NA,NA,NA,NA,NA,NA,NA,NA,0,1,0.4,1000,2,1,Running,NA,0.4782609,1,0.25,0.4782609,0.7652005,1,Accepted,KeySequence,46,
2020-05-07,09:27:31.7667,1,1,[gameevent],Feedback,6,22,23,Success,NA,NA,NA,0,3,NA,NA,NA,NA,NA,NA,NA,NA,NA,NA,NA,NA,NA,NA,0,1,0.4,1000,2,1,Running,NA,0.4782609,1,0.25,0.4782609,0.7652005,1,Accepted,KeySequence,46,
2020-05-07,09:27:31.8564,1,1,KeyDown,NA,6,NA,NA,NA,NA,NA,NA,NA,NA,NA,J,0,0,NA,WrongKey,H,K,47,Mistyped,Fast,Accepted,HKJL,ClosedByDeadzone,0,1,0.4,1000,2,1,Running,NA,0.4782609,1,0.25,0.4782609,0.7652005,0,Rejected,KeySequence,47,
2020-05-07,09:27:31.9669,1,1,KeyDown,NA,6,NA,NA,NA,NA,NA,NA,NA,NA,NA,BackQuote,0.1110822,0.1110822,NA,WrongKey,H,K,47,Mistyped,Fast,Accepted,HKJL,ClosedByDeadzone,0,1,0.4,1000,2,1,Running,NA,0.4782609,1,0.25,0.4782609,0.7652005,0,Rejected,KeySequence,47,
2020-05-07,09:27:32.7105,1,1,KeySequenceStopped,NA,6,NA,NA,NA,NA,NA,NA,NA,NA,NA,NA,0.8611085,0.7500263,NA,NA,NA,NA,47,Mistyped,Fast,Accepted,HKJL,ClosedByDeadzone,0,1,0.4,1000,2,1,Running,NA,0.4782609,1,0.25,0.4782609,0.7652005,0,Rejected,KeySequence,47,
2020-05-07,09:27:34.0571,1,1,[gameevent],BlockEnded,6,NA,NA,NA,Win,4,2,NA,NA,M - Perch (UnityEngine.Sprite),NA,NA,NA,NA,NA,NA,NA,NA,NA,NA,NA,NA,NA,0,1,0.4,1000,2,1,Running,NA,0.4782609,1,0.25,0.4782609,0.7652005,0,Rejected,KeySequence,47,
2020-05-07,09:27:37.0577,1,1,Stopped,NA,6,NA,NA,NA,NA,NA,NA,NA,NA,NA,NA,NA,NA,NA,NA,NA,NA,NA,NA,NA,NA,NA,NA,0,1,0.4,1000,2,1,Stopped,NA,0.4782609,1,0.25,0.4782609,0.7652005,0,Rejected,KeySequence,47,
